-- MySQL dump 10.13  Distrib 8.0.34, for Win64 (x86_64)
--
-- Host: 127.0.0.1    Database: mydata
-- ------------------------------------------------------
-- Server version	8.0.34

/*!40101 SET @OLD_CHARACTER_SET_CLIENT=@@CHARACTER_SET_CLIENT */;
/*!40101 SET @OLD_CHARACTER_SET_RESULTS=@@CHARACTER_SET_RESULTS */;
/*!40101 SET @OLD_COLLATION_CONNECTION=@@COLLATION_CONNECTION */;
/*!50503 SET NAMES utf8 */;
/*!40103 SET @OLD_TIME_ZONE=@@TIME_ZONE */;
/*!40103 SET TIME_ZONE='+00:00' */;
/*!40014 SET @OLD_UNIQUE_CHECKS=@@UNIQUE_CHECKS, UNIQUE_CHECKS=0 */;
/*!40014 SET @OLD_FOREIGN_KEY_CHECKS=@@FOREIGN_KEY_CHECKS, FOREIGN_KEY_CHECKS=0 */;
/*!40101 SET @OLD_SQL_MODE=@@SQL_MODE, SQL_MODE='NO_AUTO_VALUE_ON_ZERO' */;
/*!40111 SET @OLD_SQL_NOTES=@@SQL_NOTES, SQL_NOTES=0 */;

--
-- Table structure for table `auth_group`
--

DROP TABLE IF EXISTS `auth_group`;
/*!40101 SET @saved_cs_client     = @@character_set_client */;
/*!50503 SET character_set_client = utf8mb4 */;
CREATE TABLE `auth_group` (
  `id` int NOT NULL AUTO_INCREMENT,
  `name` varchar(150) NOT NULL,
  PRIMARY KEY (`id`),
  UNIQUE KEY `name` (`name`)
) ENGINE=InnoDB DEFAULT CHARSET=utf8mb4 COLLATE=utf8mb4_0900_ai_ci;
/*!40101 SET character_set_client = @saved_cs_client */;

--
-- Dumping data for table `auth_group`
--

LOCK TABLES `auth_group` WRITE;
/*!40000 ALTER TABLE `auth_group` DISABLE KEYS */;
/*!40000 ALTER TABLE `auth_group` ENABLE KEYS */;
UNLOCK TABLES;

--
-- Table structure for table `auth_group_permissions`
--

DROP TABLE IF EXISTS `auth_group_permissions`;
/*!40101 SET @saved_cs_client     = @@character_set_client */;
/*!50503 SET character_set_client = utf8mb4 */;
CREATE TABLE `auth_group_permissions` (
  `id` bigint NOT NULL AUTO_INCREMENT,
  `group_id` int NOT NULL,
  `permission_id` int NOT NULL,
  PRIMARY KEY (`id`),
  UNIQUE KEY `auth_group_permissions_group_id_permission_id_0cd325b0_uniq` (`group_id`,`permission_id`),
  KEY `auth_group_permissio_permission_id_84c5c92e_fk_auth_perm` (`permission_id`),
  CONSTRAINT `auth_group_permissio_permission_id_84c5c92e_fk_auth_perm` FOREIGN KEY (`permission_id`) REFERENCES `auth_permission` (`id`),
  CONSTRAINT `auth_group_permissions_group_id_b120cbf9_fk_auth_group_id` FOREIGN KEY (`group_id`) REFERENCES `auth_group` (`id`)
) ENGINE=InnoDB DEFAULT CHARSET=utf8mb4 COLLATE=utf8mb4_0900_ai_ci;
/*!40101 SET character_set_client = @saved_cs_client */;

--
-- Dumping data for table `auth_group_permissions`
--

LOCK TABLES `auth_group_permissions` WRITE;
/*!40000 ALTER TABLE `auth_group_permissions` DISABLE KEYS */;
/*!40000 ALTER TABLE `auth_group_permissions` ENABLE KEYS */;
UNLOCK TABLES;

--
-- Table structure for table `auth_permission`
--

DROP TABLE IF EXISTS `auth_permission`;
/*!40101 SET @saved_cs_client     = @@character_set_client */;
/*!50503 SET character_set_client = utf8mb4 */;
CREATE TABLE `auth_permission` (
  `id` int NOT NULL AUTO_INCREMENT,
  `name` varchar(255) NOT NULL,
  `content_type_id` int NOT NULL,
  `codename` varchar(100) NOT NULL,
  PRIMARY KEY (`id`),
  UNIQUE KEY `auth_permission_content_type_id_codename_01ab375a_uniq` (`content_type_id`,`codename`),
  CONSTRAINT `auth_permission_content_type_id_2f476e4b_fk_django_co` FOREIGN KEY (`content_type_id`) REFERENCES `django_content_type` (`id`)
) ENGINE=InnoDB AUTO_INCREMENT=69 DEFAULT CHARSET=utf8mb4 COLLATE=utf8mb4_0900_ai_ci;
/*!40101 SET character_set_client = @saved_cs_client */;

--
-- Dumping data for table `auth_permission`
--

LOCK TABLES `auth_permission` WRITE;
/*!40000 ALTER TABLE `auth_permission` DISABLE KEYS */;
INSERT INTO `auth_permission` VALUES (1,'Can add log entry',1,'add_logentry'),(2,'Can change log entry',1,'change_logentry'),(3,'Can delete log entry',1,'delete_logentry'),(4,'Can view log entry',1,'view_logentry'),(5,'Can add permission',2,'add_permission'),(6,'Can change permission',2,'change_permission'),(7,'Can delete permission',2,'delete_permission'),(8,'Can view permission',2,'view_permission'),(9,'Can add group',3,'add_group'),(10,'Can change group',3,'change_group'),(11,'Can delete group',3,'delete_group'),(12,'Can view group',3,'view_group'),(13,'Can add user',4,'add_user'),(14,'Can change user',4,'change_user'),(15,'Can delete user',4,'delete_user'),(16,'Can view user',4,'view_user'),(17,'Can add content type',5,'add_contenttype'),(18,'Can change content type',5,'change_contenttype'),(19,'Can delete content type',5,'delete_contenttype'),(20,'Can view content type',5,'view_contenttype'),(21,'Can add session',6,'add_session'),(22,'Can change session',6,'change_session'),(23,'Can delete session',6,'delete_session'),(24,'Can view session',6,'view_session'),(25,'Can add user info',7,'add_userinfo'),(26,'Can change user info',7,'change_userinfo'),(27,'Can delete user info',7,'delete_userinfo'),(28,'Can view user info',7,'view_userinfo'),(29,'Can add part',8,'add_part'),(30,'Can change part',8,'change_part'),(31,'Can delete part',8,'delete_part'),(32,'Can view part',8,'view_part'),(33,'Can add process',9,'add_process'),(34,'Can change process',9,'change_process'),(35,'Can delete process',9,'delete_process'),(36,'Can view process',9,'view_process'),(37,'Can add process link',10,'add_processlink'),(38,'Can change process link',10,'change_processlink'),(39,'Can delete process link',10,'delete_processlink'),(40,'Can view process link',10,'view_processlink'),(41,'Can add product',11,'add_product'),(42,'Can change product',11,'change_product'),(43,'Can delete product',11,'delete_product'),(44,'Can view product',11,'view_product'),(45,'Can add product link',12,'add_productlink'),(46,'Can change product link',12,'change_productlink'),(47,'Can delete product link',12,'delete_productlink'),(48,'Can view product link',12,'view_productlink'),(49,'Can add running tables',13,'add_runningtables'),(50,'Can change running tables',13,'change_runningtables'),(51,'Can delete running tables',13,'delete_runningtables'),(52,'Can view running tables',13,'view_runningtables'),(53,'Can add shiptable',14,'add_shiptable'),(54,'Can change shiptable',14,'change_shiptable'),(55,'Can delete shiptable',14,'delete_shiptable'),(56,'Can view shiptable',14,'view_shiptable'),(57,'Can add types',15,'add_types'),(58,'Can change types',15,'change_types'),(59,'Can delete types',15,'delete_types'),(60,'Can view types',15,'view_types'),(61,'Can add titles',16,'add_titles'),(62,'Can change titles',16,'change_titles'),(63,'Can delete titles',16,'delete_titles'),(64,'Can view titles',16,'view_titles'),(65,'Can add systemset',17,'add_systemset'),(66,'Can change systemset',17,'change_systemset'),(67,'Can delete systemset',17,'delete_systemset'),(68,'Can view systemset',17,'view_systemset');
/*!40000 ALTER TABLE `auth_permission` ENABLE KEYS */;
UNLOCK TABLES;

--
-- Table structure for table `auth_user`
--

DROP TABLE IF EXISTS `auth_user`;
/*!40101 SET @saved_cs_client     = @@character_set_client */;
/*!50503 SET character_set_client = utf8mb4 */;
CREATE TABLE `auth_user` (
  `id` int NOT NULL AUTO_INCREMENT,
  `password` varchar(128) NOT NULL,
  `last_login` datetime(6) DEFAULT NULL,
  `is_superuser` tinyint(1) NOT NULL,
  `username` varchar(150) NOT NULL,
  `first_name` varchar(150) NOT NULL,
  `last_name` varchar(150) NOT NULL,
  `email` varchar(254) NOT NULL,
  `is_staff` tinyint(1) NOT NULL,
  `is_active` tinyint(1) NOT NULL,
  `date_joined` datetime(6) NOT NULL,
  PRIMARY KEY (`id`),
  UNIQUE KEY `username` (`username`)
) ENGINE=InnoDB DEFAULT CHARSET=utf8mb4 COLLATE=utf8mb4_0900_ai_ci;
/*!40101 SET character_set_client = @saved_cs_client */;

--
-- Dumping data for table `auth_user`
--

LOCK TABLES `auth_user` WRITE;
/*!40000 ALTER TABLE `auth_user` DISABLE KEYS */;
/*!40000 ALTER TABLE `auth_user` ENABLE KEYS */;
UNLOCK TABLES;

--
-- Table structure for table `auth_user_groups`
--

DROP TABLE IF EXISTS `auth_user_groups`;
/*!40101 SET @saved_cs_client     = @@character_set_client */;
/*!50503 SET character_set_client = utf8mb4 */;
CREATE TABLE `auth_user_groups` (
  `id` bigint NOT NULL AUTO_INCREMENT,
  `user_id` int NOT NULL,
  `group_id` int NOT NULL,
  PRIMARY KEY (`id`),
  UNIQUE KEY `auth_user_groups_user_id_group_id_94350c0c_uniq` (`user_id`,`group_id`),
  KEY `auth_user_groups_group_id_97559544_fk_auth_group_id` (`group_id`),
  CONSTRAINT `auth_user_groups_group_id_97559544_fk_auth_group_id` FOREIGN KEY (`group_id`) REFERENCES `auth_group` (`id`),
  CONSTRAINT `auth_user_groups_user_id_6a12ed8b_fk_auth_user_id` FOREIGN KEY (`user_id`) REFERENCES `auth_user` (`id`)
) ENGINE=InnoDB DEFAULT CHARSET=utf8mb4 COLLATE=utf8mb4_0900_ai_ci;
/*!40101 SET character_set_client = @saved_cs_client */;

--
-- Dumping data for table `auth_user_groups`
--

LOCK TABLES `auth_user_groups` WRITE;
/*!40000 ALTER TABLE `auth_user_groups` DISABLE KEYS */;
/*!40000 ALTER TABLE `auth_user_groups` ENABLE KEYS */;
UNLOCK TABLES;

--
-- Table structure for table `auth_user_user_permissions`
--

DROP TABLE IF EXISTS `auth_user_user_permissions`;
/*!40101 SET @saved_cs_client     = @@character_set_client */;
/*!50503 SET character_set_client = utf8mb4 */;
CREATE TABLE `auth_user_user_permissions` (
  `id` bigint NOT NULL AUTO_INCREMENT,
  `user_id` int NOT NULL,
  `permission_id` int NOT NULL,
  PRIMARY KEY (`id`),
  UNIQUE KEY `auth_user_user_permissions_user_id_permission_id_14a6b632_uniq` (`user_id`,`permission_id`),
  KEY `auth_user_user_permi_permission_id_1fbb5f2c_fk_auth_perm` (`permission_id`),
  CONSTRAINT `auth_user_user_permi_permission_id_1fbb5f2c_fk_auth_perm` FOREIGN KEY (`permission_id`) REFERENCES `auth_permission` (`id`),
  CONSTRAINT `auth_user_user_permissions_user_id_a95ead1b_fk_auth_user_id` FOREIGN KEY (`user_id`) REFERENCES `auth_user` (`id`)
) ENGINE=InnoDB DEFAULT CHARSET=utf8mb4 COLLATE=utf8mb4_0900_ai_ci;
/*!40101 SET character_set_client = @saved_cs_client */;

--
-- Dumping data for table `auth_user_user_permissions`
--

LOCK TABLES `auth_user_user_permissions` WRITE;
/*!40000 ALTER TABLE `auth_user_user_permissions` DISABLE KEYS */;
/*!40000 ALTER TABLE `auth_user_user_permissions` ENABLE KEYS */;
UNLOCK TABLES;

--
-- Table structure for table `django_admin_log`
--

DROP TABLE IF EXISTS `django_admin_log`;
/*!40101 SET @saved_cs_client     = @@character_set_client */;
/*!50503 SET character_set_client = utf8mb4 */;
CREATE TABLE `django_admin_log` (
  `id` int NOT NULL AUTO_INCREMENT,
  `action_time` datetime(6) NOT NULL,
  `object_id` longtext,
  `object_repr` varchar(200) NOT NULL,
  `action_flag` smallint unsigned NOT NULL,
  `change_message` longtext NOT NULL,
  `content_type_id` int DEFAULT NULL,
  `user_id` int NOT NULL,
  PRIMARY KEY (`id`),
  KEY `django_admin_log_content_type_id_c4bce8eb_fk_django_co` (`content_type_id`),
  KEY `django_admin_log_user_id_c564eba6_fk_auth_user_id` (`user_id`),
  CONSTRAINT `django_admin_log_content_type_id_c4bce8eb_fk_django_co` FOREIGN KEY (`content_type_id`) REFERENCES `django_content_type` (`id`),
  CONSTRAINT `django_admin_log_user_id_c564eba6_fk_auth_user_id` FOREIGN KEY (`user_id`) REFERENCES `auth_user` (`id`),
  CONSTRAINT `django_admin_log_chk_1` CHECK ((`action_flag` >= 0))
) ENGINE=InnoDB DEFAULT CHARSET=utf8mb4 COLLATE=utf8mb4_0900_ai_ci;
/*!40101 SET character_set_client = @saved_cs_client */;

--
-- Dumping data for table `django_admin_log`
--

LOCK TABLES `django_admin_log` WRITE;
/*!40000 ALTER TABLE `django_admin_log` DISABLE KEYS */;
/*!40000 ALTER TABLE `django_admin_log` ENABLE KEYS */;
UNLOCK TABLES;

--
-- Table structure for table `django_content_type`
--

DROP TABLE IF EXISTS `django_content_type`;
/*!40101 SET @saved_cs_client     = @@character_set_client */;
/*!50503 SET character_set_client = utf8mb4 */;
CREATE TABLE `django_content_type` (
  `id` int NOT NULL AUTO_INCREMENT,
  `app_label` varchar(100) NOT NULL,
  `model` varchar(100) NOT NULL,
  PRIMARY KEY (`id`),
  UNIQUE KEY `django_content_type_app_label_model_76bd3d3b_uniq` (`app_label`,`model`)
) ENGINE=InnoDB AUTO_INCREMENT=18 DEFAULT CHARSET=utf8mb4 COLLATE=utf8mb4_0900_ai_ci;
/*!40101 SET character_set_client = @saved_cs_client */;

--
-- Dumping data for table `django_content_type`
--

LOCK TABLES `django_content_type` WRITE;
/*!40000 ALTER TABLE `django_content_type` DISABLE KEYS */;
INSERT INTO `django_content_type` VALUES (1,'admin','logentry'),(3,'auth','group'),(2,'auth','permission'),(4,'auth','user'),(5,'contenttypes','contenttype'),(8,'IntaiWeb','part'),(9,'IntaiWeb','process'),(10,'IntaiWeb','processlink'),(11,'IntaiWeb','product'),(12,'IntaiWeb','productlink'),(13,'IntaiWeb','runningtables'),(14,'IntaiWeb','shiptable'),(17,'IntaiWeb','systemset'),(16,'IntaiWeb','titles'),(15,'IntaiWeb','types'),(7,'IntaiWeb','userinfo'),(6,'sessions','session');
/*!40000 ALTER TABLE `django_content_type` ENABLE KEYS */;
UNLOCK TABLES;

--
-- Table structure for table `django_migrations`
--

DROP TABLE IF EXISTS `django_migrations`;
/*!40101 SET @saved_cs_client     = @@character_set_client */;
/*!50503 SET character_set_client = utf8mb4 */;
CREATE TABLE `django_migrations` (
  `id` bigint NOT NULL AUTO_INCREMENT,
  `app` varchar(255) NOT NULL,
  `name` varchar(255) NOT NULL,
  `applied` datetime(6) NOT NULL,
  PRIMARY KEY (`id`)
) ENGINE=InnoDB AUTO_INCREMENT=48 DEFAULT CHARSET=utf8mb4 COLLATE=utf8mb4_0900_ai_ci;
/*!40101 SET character_set_client = @saved_cs_client */;

--
-- Dumping data for table `django_migrations`
--

LOCK TABLES `django_migrations` WRITE;
/*!40000 ALTER TABLE `django_migrations` DISABLE KEYS */;
INSERT INTO `django_migrations` VALUES (1,'IntaiWeb','0001_initial','2023-08-22 09:44:05.611163'),(2,'IntaiWeb','0002_part_process_processlink_product_productlink_and_more','2023-08-22 09:44:05.767246'),(3,'IntaiWeb','0003_types','2023-08-22 09:44:05.786680'),(4,'IntaiWeb','0004_alter_types_typeid_alter_types_typename','2023-08-22 09:44:05.793768'),(5,'IntaiWeb','0005_alter_titles_groupid','2023-08-22 09:44:05.881028'),(6,'IntaiWeb','0006_alter_titles_productid','2023-08-22 09:44:05.942559'),(7,'IntaiWeb','0007_alter_titles_productid','2023-08-22 09:44:06.020926'),(8,'IntaiWeb','0008_delete_titles','2023-08-22 09:44:06.032510'),(9,'IntaiWeb','0009_titles','2023-08-22 09:44:06.091241'),(10,'IntaiWeb','0010_alter_titles_productid','2023-08-22 09:44:06.159029'),(11,'IntaiWeb','0011_rename_groupid_titles_typeid','2023-08-22 09:44:06.230361'),(12,'IntaiWeb','0012_rename_groupid_runningtables_typeid','2023-08-22 09:44:06.249380'),(13,'IntaiWeb','0013_alter_titles_productid_alter_titles_typeid','2023-08-22 09:44:06.353209'),(14,'IntaiWeb','0014_alter_titles_productid_alter_titles_typeid','2023-08-22 09:44:06.523791'),(15,'IntaiWeb','0015_alter_titles_productid','2023-08-22 09:44:06.575143'),(16,'IntaiWeb','0016_delete_titles','2023-08-22 09:44:06.591823'),(17,'IntaiWeb','0017_titles','2023-08-22 09:44:06.608811'),(18,'IntaiWeb','0018_delete_titles','2023-08-22 09:44:06.620210'),(19,'contenttypes','0001_initial','2023-08-22 09:44:06.655861'),(20,'auth','0001_initial','2023-08-22 09:44:07.024764'),(21,'admin','0001_initial','2023-08-22 09:44:07.119572'),(22,'admin','0002_logentry_remove_auto_add','2023-08-22 09:44:07.130389'),(23,'admin','0003_logentry_add_action_flag_choices','2023-08-22 09:44:07.142539'),(24,'contenttypes','0002_remove_content_type_name','2023-08-22 09:44:07.224154'),(25,'auth','0002_alter_permission_name_max_length','2023-08-22 09:44:07.272183'),(26,'auth','0003_alter_user_email_max_length','2023-08-22 09:44:07.314368'),(27,'auth','0004_alter_user_username_opts','2023-08-22 09:44:07.328675'),(28,'auth','0005_alter_user_last_login_null','2023-08-22 09:44:07.379827'),(29,'auth','0006_require_contenttypes_0002','2023-08-22 09:44:07.384243'),(30,'auth','0007_alter_validators_add_error_messages','2023-08-22 09:44:07.392995'),(31,'auth','0008_alter_user_username_max_length','2023-08-22 09:44:07.447066'),(32,'auth','0009_alter_user_last_name_max_length','2023-08-22 09:44:07.491953'),(33,'auth','0010_alter_group_name_max_length','2023-08-22 09:44:07.518075'),(34,'auth','0011_update_proxy_permissions','2023-08-22 09:44:07.535038'),(35,'auth','0012_alter_user_first_name_max_length','2023-08-22 09:44:07.589024'),(36,'sessions','0001_initial','2023-08-22 09:44:07.622178'),(37,'IntaiWeb','0019_titles','2023-08-22 09:46:56.292500'),(38,'IntaiWeb','0020_delete_titles','2023-08-23 02:05:34.615358'),(39,'IntaiWeb','0021_titles','2023-08-23 02:12:04.843831'),(40,'IntaiWeb','0022_alter_part_partid_alter_processlink_partid_and_more','2023-08-24 05:10:34.817344'),(41,'IntaiWeb','0023_alter_product_productid_alter_productlink_partid_and_more','2023-08-24 05:11:51.377000'),(42,'IntaiWeb','0024_delete_part_delete_process_delete_processlink_and_more','2023-08-24 05:26:37.312988'),(43,'IntaiWeb','0025_initial','2023-08-24 05:27:27.057143'),(44,'IntaiWeb','0026_delete_part_delete_process_delete_processlink_and_more','2023-08-24 06:06:51.241003'),(45,'IntaiWeb','0027_initial','2023-08-24 06:09:05.132603'),(46,'IntaiWeb','0028_systemset','2023-08-30 03:04:07.699390'),(47,'IntaiWeb','0029_alter_titles_productid','2023-08-30 06:35:02.837959');
/*!40000 ALTER TABLE `django_migrations` ENABLE KEYS */;
UNLOCK TABLES;

--
-- Table structure for table `django_session`
--

DROP TABLE IF EXISTS `django_session`;
/*!40101 SET @saved_cs_client     = @@character_set_client */;
/*!50503 SET character_set_client = utf8mb4 */;
CREATE TABLE `django_session` (
  `session_key` varchar(40) NOT NULL,
  `session_data` longtext NOT NULL,
  `expire_date` datetime(6) NOT NULL,
  PRIMARY KEY (`session_key`),
  KEY `django_session_expire_date_a5c62663` (`expire_date`)
) ENGINE=InnoDB DEFAULT CHARSET=utf8mb4 COLLATE=utf8mb4_0900_ai_ci;
/*!40101 SET character_set_client = @saved_cs_client */;

--
-- Dumping data for table `django_session`
--

LOCK TABLES `django_session` WRITE;
/*!40000 ALTER TABLE `django_session` DISABLE KEYS */;
/*!40000 ALTER TABLE `django_session` ENABLE KEYS */;
UNLOCK TABLES;

--
-- Table structure for table `intaiweb_erpstock`
--

DROP TABLE IF EXISTS `intaiweb_erpstock`;
/*!40101 SET @saved_cs_client     = @@character_set_client */;
/*!50503 SET character_set_client = utf8mb4 */;
CREATE TABLE `intaiweb_erpstock` (
  `id` int NOT NULL AUTO_INCREMENT,
  `ProductID` varchar(32) DEFAULT NULL,
  `StockID` varchar(16) DEFAULT NULL,
  `Type` varchar(32) DEFAULT NULL,
  `StockCount` double DEFAULT '0',
  `MakeDate` text NOT NULL,
  PRIMARY KEY (`id`)
) ENGINE=InnoDB AUTO_INCREMENT=3301 DEFAULT CHARSET=utf8mb4 COLLATE=utf8mb4_0900_ai_ci;
/*!40101 SET character_set_client = @saved_cs_client */;

--
-- Dumping data for table `intaiweb_erpstock`
--

LOCK TABLES `intaiweb_erpstock` WRITE;
/*!40000 ALTER TABLE `intaiweb_erpstock` DISABLE KEYS */;
INSERT INTO `intaiweb_erpstock` VALUES (3081,'0242D18493P01','3001','2ETC07_01',98493,''),(3082,'0243D31294P01','3001','接觸彈片_2ETC10_01',4020,''),(3083,'0243D33581P01','3001','接觸彈片_2ETC10_01',1905,''),(3084,'02440050001','3001','2ETC21_03',2993,''),(3085,'02440050002','3001','2ETC21_04',8220,''),(3086,'02440080001','3001','2ETC14_外管',132,''),(3087,'02440080001','5002','2ETC14_外管',459,''),(3088,'02440080002','3001','2ETC14_外管',8813,''),(3089,'02440080002','5002','2ETC14_外管',12298,''),(3090,'02440080003','5002','2ETC14_外管',371,''),(3091,'02440080007','3001','2ETC07',52105,''),(3092,'02440080007','5002','2ETC07',664,''),(3093,'02440080007','5003','2ETC07',183,''),(3094,'02440080008','3001','2ETC07',1106,''),(3095,'02440080008','5002','2ETC07',7,''),(3096,'02440080010','3001','2ETC21_01',16556,''),(3097,'02440080010','5002','2ETC21_01',770,''),(3098,'02440080011','3001','2ETC21',4543,''),(3099,'02440080011','5003','2ETC21',149,''),(3100,'02440080012','3001','2ETC21',4360,''),(3101,'02440080012','5003','2ETC21',12,''),(3102,'02440080013','3001','2ETC21',5442,''),(3103,'02440080013','5002','2ETC21',239,''),(3104,'02440080013','5003','2ETC21',15,''),(3105,'0244D13313P01','3001','2ETC05',36349,''),(3106,'0244D13313P01','5002','2ETC05',3341,''),(3107,'0244D13317P01','3001','2ETC05_01',10972,''),(3108,'0244D13430P03','3001','2ETC05',48793,''),(3109,'0244D13430P03','5002','2ETC05',11392,''),(3110,'0244D13434P01','3001','2ETC05_01',27595,''),(3111,'0244D13562P01','3001','2ETC05',5108,''),(3112,'0244D13562P01','5002','2ETC05',1749,''),(3113,'0244D31638P01','3001','接觸彈片_2ETC10_01',1043,''),(3114,'02480040001','3001','2ETC15',21260,''),(3115,'02480040004','3001','2ETC10',23,''),(3116,'02480040005','3001','2ETC10',419,''),(3117,'02480040006','3001','2ETC10',400,''),(3118,'02480040007','3001','2ETC10',23,''),(3119,'02480050001','3001','2BWI04',62763,''),(3120,'02480050001','5002','2BWI04',280,''),(3121,'02480050002','3001','2ETC21_02',8884,''),(3122,'02480080001','3001','2DMP06',1839,''),(3123,'02480080003','3001','2DMP03',4248,''),(3124,'02480080003','5002','2DMP03',95,''),(3125,'02480080003','5003','2DMP03',116,''),(3126,'02480080004','3001','2DMP04',9491,''),(3127,'02480080004','5002','2DMP04',18,''),(3128,'02480080004','5003','2DMP04',252,''),(3129,'02480080005','3001','2DMP01',3248,''),(3130,'02480080005','5002','2DMP01',347,''),(3131,'02480080006','3001','2DMP02',194,''),(3132,'02480080006','5003','2DMP02',151,''),(3133,'02480090001','3001','2ETC14_組件',139,''),(3134,'02480090001','5002','2ETC14_組件',60,''),(3135,'02480090002','3001','2ETC14_組件',10311,''),(3136,'02480090002','5002','2ETC14_組件',252,''),(3137,'02480090003','3001','2ETC14_組件',428,''),(3138,'02480090003','5002','2ETC14_組件',3,''),(3139,'02480090004','3001','2ETC14_組件',66,''),(3140,'02480090005','3001','2ETC14_組件',319,''),(3141,'02480090007','3001','2ETC14_組件',80,''),(3142,'0248CA-000283-004','3001','2DMP05',59,''),(3143,'0248D13195G01','3001','2ETC15',4498,''),(3144,'0248D15242G01','3001','2ETC02',66,''),(3145,'0248D15242G03','3001','2ETC02',10290,''),(3146,'0248D15242G04','3001','2ETC02',634,''),(3147,'0248D15506G01','3001','2ETC02',7,''),(3148,'0248D15506G02','3001','2ETC02',5283,''),(3149,'0248D15642G02','3001','2ETC02',32367,''),(3150,'0214-304031','1001','2ETC10',2525,''),(3151,'02140160007','1002','2DMP06',390.4,''),(3152,'0215-D26865P01','2001','2ETC10',32160,''),(3153,'0215-D31989P01','2001','2ETC10',2868,''),(3154,'0216-D26843P01','2001','2ETC10',17500,''),(3155,'0219-D30552P01','2001','2ETC10',14910,''),(3156,'0224D02138P03','2002','2ETC02',35980,''),(3157,'0224D02327P02','2002','2ETC02',59980,''),(3158,'02340080001','2002','2DMP04',2132,''),(3159,'0242D14089P01','5002','2ETC02',161,''),(3160,'0242D14089P02','2001','2ETC02',16054,''),(3161,'0242D14089P02','5002','2ETC02',876,''),(3162,'0242D14215P01','2001','2ETC02',167,''),(3163,'0242D14215P01','5002','2ETC02',244,''),(3164,'0242D14215P02','2001','2ETC02',6540,''),(3165,'0242D14215P03','2001','2ETC02',2562,''),(3166,'0242D14215P03','5002','2ETC02',4854,''),(3167,'0242D14215P04','2001','2ETC02',6831,''),(3168,'0242D14215P04','5002','2ETC02',365,''),(3169,'0244D02138P03','2001','2ETC02',12663,''),(3170,'0244D02138P03','5002','2ETC02',218,''),(3171,'0244D02327P02','2001','2ETC02',2305,''),(3172,'0244D02327P02','5002','2ETC02',1481,''),(3173,'0244D02837P02','2001','2ETC02',1231,''),(3174,'0244D02837P02','5002','2ETC02',3740,''),(3175,'0244D12417P01','2001','2ETC15',426,''),(3176,'0244D12417P01','5002','2ETC15',4330,''),(3177,'02450060001','2001','2ETC15',51050,''),(3178,'0245D12426P01','2001','2ETC15',8000,''),(3179,'0252D18493P01','2002','2ETC07_01',340000,''),(3180,'02540050001','2002','2BWI04',36000,''),(3181,'02540050002','2001','2BWI04',9500,''),(3182,'02540050007','2003','2ETC21_03',31500,''),(3183,'02540050008','2002','2ETC21_04',244685,''),(3184,'02540050008','2003','2ETC21_04',148745,''),(3185,'02540050010','2003','2ETC21_02',50000,''),(3186,'02540050011','2003','2ETC21_02',67265,''),(3187,'02540050012','2003','2ETC21_02',50000,''),(3188,'02540050013','2003','2ETC21_02',10000,''),(3189,'02540080001','2002','2DMP04',1930,''),(3190,'02540080002','2002','2DMP03',461,''),(3191,'02540080003','4001','2DMP01',4424,''),(3192,'02540080006','2002','2ETC14_外管',1581,''),(3193,'02540080006','5003','2ETC14_外管',15,''),(3194,'02540110001','2002','2ETC14_組件',33830,''),(3195,'02540110002','2002','2ETC14_組件',13870,''),(3196,'0254CAP19','2001','2DMP05',9252,''),(3197,'0254CAP19','4005','2DMP05',2,''),(3198,'0254D12417P01','2002','2ETC15',13200,''),(3199,'0254D13313P02','2002','2ETC05',2895,''),(3200,'0254D13430P01','2002','2ETC05',7500,''),(3201,'0254D13562P01','2002','2ETC05',7500,''),(3202,'0254D26899P01','2002','2ETC10',6008,''),(3203,'0254D30420P02-A','2002','2ETC10',12000,''),(3204,'0254D30434P02','2002','2ETC10',16000,''),(3205,'0254D31267P02-A','2002','2ETC10',12000,''),(3206,'0255-D33402P01','2002','2ETC10',45440,''),(3207,'0255-D33403P01','2002','2ETC10',45440,''),(3208,'0255D12426P01','2002','2ETC15',10000,''),(3209,'0255D31989P02','2001','2ETC10',3716,''),(3210,'0255D31989P03','2001','2ETC10',3534,''),(3211,'0255D33402P02-1','2001','2ETC10',1924,''),(3212,'0255D33403P02-1','2001','2ETC10',1405,''),(3213,'0256D31351P01','2001','2ETC10',6388,''),(3214,'02580340001','4001','2ETC10',32,''),(3215,'02580340004','2001','2ETC10',1090,''),(3216,'02580340004','5002','2ETC10',8,''),(3217,'0258D26866G02','2001','2ETC10',6075,''),(3218,'0258D26866G02','4001','2ETC10',25,''),(3219,'0258D26872G02','2001','2ETC10',2004,''),(3220,'0258D26872G02','4001','2ETC10',1009,''),(3221,'0258D30820G01','4001','2ETC10',1,''),(3222,'0258D31325G01','2001','2ETC10',862,''),(3223,'0258D31325G01','5002','2ETC10',8,''),(3224,'0258D31447G01','2001','2ETC10',3736,''),(3225,'0258D36596G01','2001','2ETC10',4449,''),(3226,'0259D30552P02','2001','2ETC10',857,''),(3227,'0259D30552P03','2001','2ETC10',3440,''),(3228,'02640050001','2001','2ETC10',4208,''),(3229,'02640050001','5002','2ETC10',95,''),(3230,'02640050002','2001','2BWI04',27000,''),(3231,'02640050005','2001','2ETC21_02',7626,''),(3232,'02640050006','2001','2ETC21_02',9659,''),(3233,'02640050007','2001','2ETC21_02',22633,''),(3234,'02640050008','2001','2ETC21_02',19536,''),(3235,'02640050008','5002','2ETC21_02',308,''),(3236,'02640110001','2001','2ETC14_組件',17246,''),(3237,'02640110001','5002','2ETC14_組件',313,''),(3238,'02640110002','2001','2ETC14_組件',10380,''),(3239,'02640110002','5002','2ETC14_組件',47,''),(3240,'02640110003','2001','2ETC14_組件',50,''),(3241,'02640240001','2001','2ETC14_組件',2593,''),(3242,'02640240002','2001','2ETC14_組件',12400,''),(3243,'02640240003','2001','2ETC14_組件',852,''),(3244,'02640240004','2001','2ETC14_組件',356,''),(3245,'02640240005','2001','2ETC14_組件',1515,''),(3246,'02640240006','2001','2ETC14_組件',300,''),(3247,'02640240007','2001','2ETC14_組件',119,''),(3248,'02640320003','2001','2ETC10',134,''),(3249,'02640320003','5002','2ETC10',7,''),(3250,'0264CAP01-A','2001','2DMP06',4852,''),(3251,'0264CAP01-A','4001','2DMP06',9,''),(3252,'0264CAP02','2001','2DMP06',6678,''),(3253,'0264CAP02','4001','2DMP06',76,''),(3254,'0264CAP03','2001','2DMP06',4228,''),(3255,'0264CAP03','4001','2DMP06',2,''),(3256,'0264CAP05','2001','2DMP06',8560,''),(3257,'0264CAP05','4001','2DMP06',6,''),(3258,'0264CAP06','2001','2DMP06',14314,''),(3259,'0264CAP06','4001','2DMP06',9,''),(3260,'0264CAP18','2001','2DMP05',29443,''),(3261,'0264CAP20','2001','2DMP05',4224,''),(3262,'0264CAP22','2001','2DMP05',6271,''),(3263,'0264D13313P02-1','2002','2ETC05',14712,''),(3264,'0264D26851P01','2001','2ETC10',16406,''),(3265,'0264D30420P01','2001','2ETC10',6237,''),(3266,'0264D30420P02-A','2001','2ETC10',3797,''),(3267,'0264D30422P01','2001','2ETC10',7905,''),(3268,'0264D30426P01','2001','2ETC10',7143,''),(3269,'0264D30428P01-A','2001','2ETC10',3749,''),(3270,'0264D30428P02-A','2001','2ETC10',496,''),(3271,'0264D30431P02','2001','2ETC10',5275,''),(3272,'0264D30431P04','2001','2ETC10',3144,''),(3273,'0264D30434P01','2001','2ETC10',3198,''),(3274,'0264D30434P02','2001','2ETC10',2800,''),(3275,'0264D30920P01','2001','2ETC10',8485,''),(3276,'0264D31267P01','2001','2ETC10',10732,''),(3277,'0264D31267P02-A','2001','2ETC10',1515,''),(3278,'0264D31322P01','2001','2ETC10',6832,''),(3279,'0264D31326P01','2001','2ETC10',2788,''),(3280,'0264D31336P01','2001','2ETC10',2916,''),(3281,'0264D34274P01','2001','2ETC10',4484,''),(3282,'0264D34274P01','5002','2ETC10',12,''),(3283,'0264E16133','2001','2ETC10',16140,''),(3284,'0264E16134','2001','2ETC10',13466,''),(3285,'0264E16134','5001','2ETC10',63,''),(3286,'02650040001','2001','2ETC10',313,''),(3287,'02650040002','2001','2ETC10',2155,''),(3288,'02680350001','2001','2ETC10',400,''),(3289,'0268CAM07','5002','2DMP06',2,''),(3290,'0268CAM07-A','5002','2DMP06',258,''),(3291,'0268D30414G01','2001','2ETC10',738,''),(3292,'0268D30414G02','2001','2ETC10',7,''),(3293,'0268D30433G03','2001','2ETC10',541,''),(3294,'0268D30433G04','2001','2ETC10',373,''),(3295,'0268D31229G01','2001','2ETC10',45,''),(3296,'0268D33513G02','2001','2ETC10',3807,''),(3297,'0268D33876G01','2001','2ETC10',881,''),(3298,'0268D33876G02','2001','2ETC10',905,''),(3299,'0268D33877G01','2001','2ETC10',851,''),(3300,'0268D33877G02','2001','2ETC10',665,'');
/*!40000 ALTER TABLE `intaiweb_erpstock` ENABLE KEYS */;
UNLOCK TABLES;

--
-- Table structure for table `intaiweb_part`
--

DROP TABLE IF EXISTS `intaiweb_part`;
/*!40101 SET @saved_cs_client     = @@character_set_client */;
/*!50503 SET character_set_client = utf8mb4 */;
CREATE TABLE `intaiweb_part` (
  `PartID` varchar(32) NOT NULL,
  `CName` varchar(64) NOT NULL,
  `Specification` varchar(128) NOT NULL,
  `Stock` int NOT NULL,
  `TypeID` varchar(32) NOT NULL,
  PRIMARY KEY (`PartID`)
) ENGINE=InnoDB DEFAULT CHARSET=utf8mb4 COLLATE=utf8mb4_0900_ai_ci;
/*!40101 SET character_set_client = @saved_cs_client */;

--
-- Dumping data for table `intaiweb_part`
--

LOCK TABLES `intaiweb_part` WRITE;
/*!40000 ALTER TABLE `intaiweb_part` DISABLE KEYS */;
INSERT INTO `intaiweb_part` VALUES ('0214-304031','304 OD4.572mm*ID3.81mm*L2.3M','',0,'2ETC10'),('02140160007','02140160007','',0,'2DMP06'),('0215-D26865P01','絕緣條PEBAX (5mm)','',0,'2ETC10'),('0215-D31989P01','絶緣管 (72\")','',0,'2ETC10'),('0216-D26843P01','熱縮套管-電極線用','',0,'2ETC10'),('0219-D30552P01','電極線72\"','',0,'2ETC10'),('0224D02138P03','Blade','5MM',0,'2ETC02'),('0224D02327P02','Blade','9MM',0,'2ETC02'),('0224D02837P02','Blade','10.4MM',0,'2ETC02'),('02340080001','CC-001264-13GA圓管刀','',0,'2DMP04'),('02340080002','CC-001267-10GA圓管刀','',0,'2DMP03'),('02340080003','8GA齒輪刀','',0,'2DMP01'),('02340080004','11GA齒輪刀','',0,'2DMP02'),('0242D14089P01','柳葉刀鋁桿','5X100MM 2024-T4 (new)',0,'2ETC02'),('0242D14089P02','柳葉刀鋁桿','5X75MM 2024-T4',0,'2ETC02'),('0242D14215P01','柳葉刀鋁桿','11,12X100MM 2024-T4',0,'2ETC02'),('0242D14215P02','柳葉刀鋁桿','12X150MM 2024-T4',0,'2ETC02'),('0242D14215P03','柳葉刀鋁桿','11/12*100MM 6061-T6',0,'2ETC02'),('0242D14215P04','柳葉刀鋁桿','12X150MM 6061-T6',0,'2ETC02'),('0244D02138P03','柳葉刀片 ','5MM 420J2SST',0,'2ETC02'),('0244D02327P02','Blade','9MM',0,'2ETC02'),('0244D02837P02','Blade','10.4MM',0,'2ETC02'),('0244D12417P01','圓弧刀片 40mm','',0,'2ETC15'),('02450060001','圓弧刀柄 40mm (黑)','',0,'2ETC15'),('0245D12426P01','圓弧刀柄 40mm','',0,'2ETC15'),('0252D14089P01-1','柳葉刀鋁桿','5*100-T4-C3',0,'2ETC02'),('0252D14089P02-1','柳葉刀鋁桿','5*75-C3',0,'2ETC02'),('0252D14215P01-1','柳葉刀鋁桿','11*100-T4-C3',0,'2ETC02'),('0252D14215P02-1','柳葉刀鋁桿','12*150-T4-C3',0,'2ETC02'),('0252D14215P03-1','柳葉刀鋁桿','11/12*100-C3',0,'2ETC02'),('0252D14215P04-1','柳葉刀鋁桿','12*150-T6-C3',0,'2ETC02'),('0252D18493P01','鋁戒','',0,'2ETC07_01'),('0253D31294P01','前端接觸片Eagle Art','',0,'接觸彈片_2ETC10_01'),('0253D33581P01','後端接觸片-ART','',0,'接觸彈片_2ETC10_01'),('02540050001','滑輪導線-檔片(沖壓)','',0,'2BWI04'),('02540050002','滑輪導線-導線','',0,'2BWI04'),('02540050007','邁凱倫-PCB螺絲','',0,'2ETC21_03'),('02540050008','邁凱倫-M3螺絲','',0,'2ETC21_04'),('02540050010','邁凱倫-DAR MIM件','',0,'2ETC21_02'),('02540050011','邁凱倫-DAR 插銷','',0,'2ETC21_02'),('02540050012','邁凱倫-DAR 彈簧','',0,'2ETC21_02'),('02540050013','邁凱倫-DAR 鎖固片(沖壓)','',0,'2ETC21_02'),('02540080001','CC-001264-13GA圓管刀','',0,'2DMP04'),('02540080002','CC-001267-10GA圓管刀','',0,'2DMP03'),('02540080003','8GA齒輪刀','',0,'2DMP01'),('02540080004','11GA齒輪刀','',0,'2DMP02'),('02540080005','佛洛伊德外管','P01',0,'2ETC14_外管'),('02540080006','佛洛伊德外管','P02',0,'2ETC14_外管'),('02540080007','佛洛伊德外管','P03',0,'2ETC14_外管'),('02540080008','佛洛伊德外管','P04',0,'2ETC14_外管'),('02540080009','佛洛伊德外管','P05',0,'2ETC14_外管'),('02540110001','Floyd短刀片','',0,'2ETC14_組件'),('02540110002','Floyd短刀片','',0,'2ETC14_組件'),('02540110003','Floyd短刀片','',0,'2ETC14_組件'),('02540310001','I-Beam MIM','',0,'2ETC10'),('02540320001','刀頭 (5mm)','',0,'2ETC10'),('0254CAP02','刀片-SA8927','',0,'2DMP06'),('0254CAP03','外管-SA8927','',0,'2DMP06'),('0254CAP19','10GA孔雀刀-小管','',0,'2DMP05'),('0254CAP22','10GA孔雀刀-刀片(增長0.078\")','',0,'2DMP05'),('0254D02138P03','Blade','5MM 420J2sst',0,'2ETC02'),('0254D02327P02','Blade','9MM 420J2sst(沖壓)',0,'2ETC02'),('0254D02837P02','刀片','10.4MM 420J2sst',0,'2ETC02'),('0254D12417P01','CCS 40MM Knife','',0,'2ETC15'),('0254D13313P02','小夾子-前製程','',0,'2ETC05'),('0254D13317P01','鉚釘(小)','',0,'2ETC05_01'),('0254D13430P01','中夾子-前製程','',0,'2ETC05'),('0254D13434P01','鉚釘(大)','',0,'2ETC05_01'),('0254D13562P01','大夾子-前製程','',0,'2ETC05'),('0254D26851P01','外管套座','',0,'2ETC10'),('0254D26899P01','5mm 下夾爪-燒結加工','',0,'2ETC10'),('0254D30420P01','短轉彎驅動片45cm','',0,'2ETC10'),('0254D30420P02-A','短轉彎驅動片35cm','',0,'2ETC10'),('0254D30422P01','左擋塊','',0,'2ETC10'),('0254D30426P01','右擋塊','',0,'2ETC10'),('0254D30431P02','卡座套環 (5mm)','',0,'2ETC10'),('0254D30431P04','卡座套環 (3mm)','',0,'2ETC10'),('0254D30434P01','外管45cm','',0,'2ETC10'),('0254D30434P02','外管35cm','',0,'2ETC10'),('0254D30920P01','刀桿','',0,'2ETC10'),('0254D30945P01','推桿','',0,'2ETC10'),('0254D31267P01','長轉彎驅動片45cm','',0,'2ETC10'),('0254D31267P02-A','長轉彎驅動片35cm','',0,'2ETC10'),('0254D31322P01','小內管','',0,'2ETC10'),('0254D31336P01-A','小外管','',0,'2ETC10'),('0254D31638P01','棘爪片Eagle Art','',0,'接觸彈片_2ETC10_01'),('0254E16133','5mm墊片-T 0.002\"','',0,'2ETC10'),('0254E16134','3mm墊片-0.002\"','',0,'2ETC10'),('0255-D33402P01','關節件上蓋','',0,'2ETC10'),('0255-D33403P01','關節件下蓋','',0,'2ETC10'),('02550040001','尾端絕緣管-35cm(10.05\")','',0,'2ETC10'),('02550040002','尾端絕緣管-45cm(13.99\")','',0,'2ETC10'),('0255D12426P01','圓弧刀柄 40mm','',0,'2ETC15'),('0255D31989P02','小絕緣管 (0.265\")-裁切後','',0,'2ETC10'),('0255D31989P03','長套管 (1.86\")','',0,'2ETC10'),('0255D32559P01','Art前端絕緣管','',0,'2ETC10'),('0255D33402P02-1','關節件上蓋-潤滑','',0,'2ETC10'),('0255D33403P02-1','關節件下蓋-潤滑','',0,'2ETC10'),('0256D31351P01','熱縮套管-電極線用-裁切','',0,'2ETC10'),('02580340001','3mm 上下夾爪組裝','',0,'2ETC10'),('02580340004','3mm夾爪組裝','',0,'2ETC10'),('02580850006','外管35cm+LEVER COLLAR 5mm焊接','',0,'2ETC10'),('02580850008','外管45cm+LEVER COLLAR 3mm焊接','',0,'2ETC10'),('02580850011','外管35cm+LEVER COLLAR 3mm焊接','',0,'2ETC10'),('02580850014','外管45cm+LEVER COLLAR 5mm焊接','',0,'2ETC10'),('0258D26866G02','PTC (5mm)','',0,'2ETC10'),('0258D26872G02','PTC (3mm)','',0,'2ETC10'),('0258D30820G01','電極(3mm)','',0,'2ETC10'),('0258D31325G01','下夾爪組裝','',0,'2ETC10'),('0258D31447G01','刀桿推桿電阻焊(3mm&5mm共用)','',0,'2ETC10'),('0258D36596G01','電極(5mm)','',0,'2ETC10'),('0259D30552P02','電極線45cm (21.95\")','',0,'2ETC10'),('0259D30552P03','電極線35cm (18.01\")','',0,'2ETC10'),('02640050001','刀頭 (3mm)','',0,'2ETC10'),('02640050002','滑輪導線-檔片','',0,'2BWI04'),('02640050003','滑輪導線-小管','',0,'2BWI04'),('02640050005','邁凱倫-DAR MIM件','',0,'2ETC21_02'),('02640050006','邁凱倫-DAR 插銷','',0,'2ETC21_02'),('02640050007','邁凱倫-DAR 彈簧','',0,'2ETC21_02'),('02640050008','邁凱倫-DAR 鎖固片','',0,'2ETC21_02'),('02640110001','Floyd短刀片','',0,'2ETC14_組件'),('02640110002','Floyd短刀片','',0,'2ETC14_組件'),('02640110003','Floyd短刀片','',0,'2ETC14_組件'),('02640240001','電極線-25','25',0,'2ETC14_組件'),('02640240002','電極線-37','37',0,'2ETC14_組件'),('02640240003','電極線-45','45',0,'2ETC14_組件'),('02640240004','電極線-26','26',0,'2ETC14_組件'),('02640240005','電極線-38','38',0,'2ETC14_組件'),('02640240006','電極線-34','34',0,'2ETC14_組件'),('02640240007','電極線-42','42',0,'2ETC14_組件'),('02640320003','刀頭 (5mm)','',0,'2ETC10'),('0264CAP01-A','13GA 孔雀刀-小管雷割','',0,'2DMP06'),('0264CAP02','13GA 孔雀刀-刀片研磨','',0,'2DMP06'),('0264CAP03','13GA 孔雀刀-外管洗淨','',0,'2DMP06'),('0264CAP05','13GA 孔雀刀-刀頭A','',0,'2DMP06'),('0264CAP06','13GA 孔雀刀-MIM刀頭B','',0,'2DMP06'),('0264CAP18','10GA孔雀刀-MIM刀頭','',0,'2DMP05'),('0264CAP20','10GA孔雀刀-外管洗淨','',0,'2DMP05'),('0264CAP22','10GA孔雀刀-刀片(0.078\")研磨','',0,'2DMP05'),('0264D13313P02-1','小夾子-前製程','',0,'2ETC05'),('0264D13430P01-1','中夾子-前製程','',0,'2ETC05'),('0264D13562P01-1','大夾子-前製程','',0,'2ETC05'),('0264D26851P01','外管套座','',0,'2ETC10'),('0264D30420P01','短轉彎驅動片45cm','',0,'2ETC10'),('0264D30420P02-A','短轉彎驅動片35cm','',0,'2ETC10'),('0264D30422P01','左擋塊','',0,'2ETC10'),('0264D30426P01','右擋塊','',0,'2ETC10'),('0264D30428P01-A','內管45cm','',0,'2ETC10'),('0264D30428P02-A','內管35cm','',0,'2ETC10'),('0264D30431P02','卡座套環 (5mm)','',0,'2ETC10'),('0264D30431P04','卡座套環 (3mm)','',0,'2ETC10'),('0264D30434P01','外管45cm','',0,'2ETC10'),('0264D30434P02','外管35cm','',0,'2ETC10'),('0264D30920P01','刀桿','',0,'2ETC10'),('0264D30945P01','推桿','',0,'2ETC10'),('0264D31267P01','長轉彎驅動片45cm','',0,'2ETC10'),('0264D31267P02-A','長轉彎驅動片35cm','',0,'2ETC10'),('0264D31322P01','小內管','',0,'2ETC10'),('0264D31326P01','5mm下夾爪(切尾)','',0,'2ETC10'),('0264D31336P01','小外管','',0,'2ETC10'),('0264D34274P01','5mm上夾爪(線割後)','',0,'2ETC10'),('0264E16133','5mm墊片-T 0.002\"','',0,'2ETC10'),('0264E16134','3mm墊片-0.002\"','',0,'2ETC10'),('02650040001','尾端絕緣管-潤滑-35cm(10.05\")','',0,'2ETC10'),('02650040002','尾端絕緣管-潤滑-45cm(13.99\")','',0,'2ETC10'),('02680350001','3mm夾爪(切尾)','',0,'2ETC10'),('02680850012','5mm*35cm內管組潤滑','',0,'2ETC10'),('02680850013','5mm*35cm 小外管焊接','',0,'2ETC10'),('02680850015','3mm*45cm內管組裝潤滑','',0,'2ETC10'),('02680850016','3mm*45cm 小外管焊接','',0,'2ETC10'),('02680850018','3mm*35cm內管組潤滑','',0,'2ETC10'),('02680850019','3mm*35cm 小外管焊接','',0,'2ETC10'),('02680850022','5mm*45cm內管潤滑','',0,'2ETC10'),('02680850023','5mm*45cm 小外管焊接','',0,'2ETC10'),('0268CAM07','13GA 孔雀刀焊接後','',0,'2DMP06'),('0268CAM07-A','13GA 孔雀刀焊接後','',0,'2DMP06'),('0268D30414G01','3mm*45cm電極組裝','',0,'2ETC10'),('0268D30414G02','3mm*35cm電極組裝','',0,'2ETC10'),('0268D30433G03','外管45cm組裝+潤滑','',0,'2ETC10'),('0268D30433G04','外管35cm組裝+潤滑','',0,'2ETC10'),('0268D31229G01','5mm*45cm電極組裝','',0,'2ETC10'),('0268D31229G02','5mm*35cm電極組裝','',0,'2ETC10'),('0268D33513G02','Art前端絕緣管-潤滑','',0,'2ETC10'),('0268D33876G01','右檔塊轉彎驅動片焊接-45cm','',0,'2ETC10'),('0268D33876G02','右檔塊轉彎驅動片焊接-35cm','',0,'2ETC10'),('0268D33877G01','左檔塊轉彎驅動片焊接-45cm','',0,'2ETC10'),('0268D33877G02','左檔塊轉彎驅動片焊接-35cm','',0,'2ETC10');
/*!40000 ALTER TABLE `intaiweb_part` ENABLE KEYS */;
UNLOCK TABLES;

--
-- Table structure for table `intaiweb_process`
--

DROP TABLE IF EXISTS `intaiweb_process`;
/*!40101 SET @saved_cs_client     = @@character_set_client */;
/*!50503 SET character_set_client = utf8mb4 */;
CREATE TABLE `intaiweb_process` (
  `ProcessID` varchar(32) NOT NULL,
  `CName` varchar(64) NOT NULL,
  PRIMARY KEY (`ProcessID`)
) ENGINE=InnoDB DEFAULT CHARSET=utf8mb4 COLLATE=utf8mb4_0900_ai_ci;
/*!40101 SET character_set_client = @saved_cs_client */;

--
-- Dumping data for table `intaiweb_process`
--

LOCK TABLES `intaiweb_process` WRITE;
/*!40000 ALTER TABLE `intaiweb_process` DISABLE KEYS */;
INSERT INTO `intaiweb_process` VALUES ('2001','零件倉'),('2002','半成品倉'),('3001','成品倉'),('EC001','電加工-線切割'),('F001','成型加工-沖壓'),('F002','成型加工'),('GR01','研磨加工'),('GR03','研磨加工-平磨'),('LS01','雷射加工-雷射焊接'),('LS02','雷射加工-雷射雕刻'),('LS03','雷射加工-雷射切割'),('M001','機加工成型-車床-1'),('M007','機加工成型-銑削-1'),('M009','機加工成型-車銑加工'),('P009','MIM粉未射出'),('P009-Q','MIM粉未射出-IPQC'),('P021','尺寸檢驗'),('P021-Q','尺寸檢驗-IPQC'),('P025','功能測試全檢'),('P025-Q','功能測試-IPQC'),('P029','外觀檢查'),('P029-Q','外觀檢查-IPQC'),('P046','車床加工'),('P046-Q','車床加工-IPQC'),('P050','拋光'),('P050-Q','拋光-IPQC'),('P053','表面處理-鈍化'),('P053-Q','表面處理-鈍化-IPQC'),('P055','洗淨'),('P057','研磨'),('P057-Q','研磨-Q'),('P064','剝線'),('P064-Q','剝線-IPQC'),('P069','烘烤'),('P071','排列'),('P075','組裝'),('P075-Q','組裝-IPQC'),('P078','處理毛邊'),('P078-Q','處理毛邊-IPQC'),('P081','最終包裝'),('P082','最終洗淨'),('P083','測試作業'),('P084','裁切'),('P084-Q','裁切-Q'),('P089','超音波熔接'),('P089-Q','超音波溶接-IPQC'),('P091','塑膠射出'),('P091-Q','塑膠射出-IPQC'),('P099','雷射切割'),('P099-Q','雷射切割-IPQC'),('P101','雷射雕刻'),('P101-Q','雷射雕刻-IPQC'),('P102','雷射點焊'),('P102-Q','雷射點焊-IPQC'),('P104','電阻焊'),('P104-Q','電阻焊-IPQC'),('P105','電解'),('P105-Q','電解-IPQC'),('P108','滾磨'),('P108-Q','滾磨-IPQC'),('P110','磁力研磨'),('P119','酸脫脂'),('P119-Q','酸脫脂-IPQC'),('P123','銑削加工'),('P123-Q','銑削加工-IPQC'),('P124','噴砂'),('P124-Q','噴砂-IPQC'),('P127','熱處理'),('P127-Q','熱處理-IPQC'),('P128','熱處理(回火)'),('P128-Q','熱處理-IPQC'),('P130','線切割'),('P130-Q','線切割-IPQC'),('P132','調整'),('P137','燒結'),('P137-Q','燒結-IPQC'),('P148','表面處理-潤滑'),('P148-Q','表面處理-潤滑-Q'),('P149','表面處理-Dry Film'),('P149-Q','表面處理-Dry Film-IPQC'),('P159','車銑複合'),('P159-Q','車銑複合-IPQC'),('P181','線切割-精切'),('P181-Q','線切割-IPQC'),('P182','線切割-粗切'),('P183','離心滾磨'),('P183-Q','離心滾磨-IPQC'),('P186','洗淨1'),('P187','洗淨2'),('P188','排列1'),('P189','排列2'),('P191','熱處理-淬火'),('P193','尺寸檢驗1'),('P196','最終外觀'),('P197','組裝1'),('P197-Q','組裝1-IPQC'),('P198','雷射點焊1'),('P198-Q','雷射點焊1-IPQC'),('P209','孔內清潔'),('SF03','表面處理-鍍鈦');
/*!40000 ALTER TABLE `intaiweb_process` ENABLE KEYS */;
UNLOCK TABLES;

--
-- Table structure for table `intaiweb_processlink`
--

DROP TABLE IF EXISTS `intaiweb_processlink`;
/*!40101 SET @saved_cs_client     = @@character_set_client */;
/*!50503 SET character_set_client = utf8mb4 */;
CREATE TABLE `intaiweb_processlink` (
  `id` int NOT NULL AUTO_INCREMENT,
  `ProcessID` varchar(32) NOT NULL,
  `ProductID` varchar(32) NOT NULL,
  `PartID` varchar(32) NOT NULL,
  `theOrder` int NOT NULL,
  `DayTarget` int NOT NULL,
  `Stock` int NOT NULL,
  `Schedule` int NOT NULL,
  PRIMARY KEY (`id`)
) ENGINE=InnoDB AUTO_INCREMENT=992 DEFAULT CHARSET=utf8mb4 COLLATE=utf8mb4_0900_ai_ci;
/*!40101 SET character_set_client = @saved_cs_client */;

--
-- Dumping data for table `intaiweb_processlink`
--

LOCK TABLES `intaiweb_processlink` WRITE;
/*!40000 ALTER TABLE `intaiweb_processlink` DISABLE KEYS */;
INSERT INTO `intaiweb_processlink` VALUES (1,'P075','0248D15242G01','0248D15242G01',4,0,0,0),(2,'P075-Q','0248D15242G01','0248D15242G01',3,0,0,0),(3,'P196','0248D15242G01','0248D15242G01',2,0,0,0),(4,'P081','0248D15242G01','0248D15242G01',1,0,0,0),(5,'3001','0248D15242G01','0248D15242G01',0,0,0,0),(6,'P075','0248D15242G02','0248D15242G02',4,0,0,0),(7,'P075-Q','0248D15242G02','0248D15242G02',3,0,0,0),(8,'P196','0248D15242G02','0248D15242G02',2,0,0,0),(9,'P081','0248D15242G02','0248D15242G02',1,0,0,0),(10,'3001','0248D15242G02','0248D15242G02',0,0,0,0),(11,'P075','0248D15242G03','0248D15242G03',4,0,0,0),(12,'P075-Q','0248D15242G03','0248D15242G03',3,0,0,0),(13,'P196','0248D15242G03','0248D15242G03',2,0,0,0),(14,'P081','0248D15242G03','0248D15242G03',1,0,0,0),(15,'3001','0248D15242G03','0248D15242G03',0,0,0,0),(16,'P075','0248D15242G04','0248D15242G04',4,0,0,0),(17,'P075-Q','0248D15242G04','0248D15242G04',3,0,0,0),(18,'P196','0248D15242G04','0248D15242G04',2,0,0,0),(19,'P081','0248D15242G04','0248D15242G04',1,0,0,0),(20,'3001','0248D15242G04','0248D15242G04',0,0,0,0),(21,'P075','0248D15506G01','0248D15506G01',4,0,0,0),(22,'P075-Q','0248D15506G01','0248D15506G01',3,0,0,0),(23,'P196','0248D15506G01','0248D15506G01',2,0,0,0),(24,'P081','0248D15506G01','0248D15506G01',1,0,0,0),(25,'3001','0248D15506G01','0248D15506G01',0,0,0,0),(26,'P075','0248D15506G02','0248D15506G02',4,0,0,0),(27,'P075-Q','0248D15506G02','0248D15506G02',3,0,0,0),(28,'P196','0248D15506G02','0248D15506G02',2,0,0,0),(29,'P081','0248D15506G02','0248D15506G02',1,0,0,0),(30,'3001','0248D15506G02','0248D15506G02',0,0,0,0),(31,'P075','0248D15642G02','0248D15642G02',4,0,0,0),(32,'P075-Q','0248D15642G02','0248D15642G02',3,0,0,0),(33,'P196','0248D15642G02','0248D15642G02',2,0,0,0),(34,'P081','0248D15642G02','0248D15642G02',1,0,0,0),(35,'3001','0248D15642G02','0248D15642G02',0,0,0,0),(36,'2002','0242D14089P01','0252D14089P01-1',6,0,0,0),(37,'P055','0242D14089P01','0242D14089P01',5,0,0,0),(38,'P124','0242D14089P01','0242D14089P01',4,0,0,0),(39,'P021','0242D14089P01','0242D14089P01',3,0,0,0),(40,'P186','0242D14089P01','0242D14089P01',2,0,0,0),(41,'P029','0242D14089P01','0242D14089P01',1,0,0,0),(42,'2001','0242D14089P01','0242D14089P01',0,0,0,0),(43,'2002','0242D14089P02','0252D14089P02-1',6,0,0,0),(44,'P055','0242D14089P02','0242D14089P02',5,0,0,0),(45,'P124','0242D14089P02','0242D14089P02',4,0,0,0),(46,'P021','0242D14089P02','0242D14089P02',3,0,0,0),(47,'P186','0242D14089P02','0242D14089P02',2,0,0,0),(48,'P029','0242D14089P02','0242D14089P02',1,0,0,0),(49,'2001','0242D14089P02','0242D14089P02',0,0,0,0),(50,'2002','0242D14215P01','0252D14215P01-1',6,0,0,0),(51,'P055','0242D14215P01','0242D14215P01',5,0,0,0),(52,'P124','0242D14215P01','0242D14215P01',4,0,0,0),(53,'P021','0242D14215P01','0242D14215P01',3,0,0,0),(54,'P186','0242D14215P01','0242D14215P01',2,0,0,0),(55,'P029','0242D14215P01','0242D14215P01',1,0,0,0),(56,'2001','0242D14215P01','0242D14215P01',0,0,0,0),(57,'2002','0242D14215P02','0252D14215P02-1',6,0,0,0),(58,'P055','0242D14215P02','0242D14215P02',5,0,0,0),(59,'P124','0242D14215P02','0242D14215P02',4,0,0,0),(60,'P021','0242D14215P02','0242D14215P02',3,0,0,0),(61,'P186','0242D14215P02','0242D14215P02',2,0,0,0),(62,'P029','0242D14215P02','0242D14215P02',1,0,0,0),(63,'2001','0242D14215P02','0242D14215P02',0,0,0,0),(64,'2002','0242D14215P03','0252D14215P03-1',6,0,0,0),(65,'P055','0242D14215P03','0242D14215P03',5,0,0,0),(66,'P124','0242D14215P03','0242D14215P03',4,0,0,0),(67,'P021','0242D14215P03','0242D14215P03',3,0,0,0),(68,'P186','0242D14215P03','0242D14215P03',2,0,0,0),(69,'P029','0242D14215P03','0242D14215P03',1,0,0,0),(70,'2001','0242D14215P03','0242D14215P03',0,0,0,0),(71,'2002','0242D14215P04','0252D14215P04-1',6,0,0,0),(72,'P055','0242D14215P04','0242D14215P04',5,0,0,0),(73,'P124','0242D14215P04','0242D14215P04',4,0,0,0),(74,'P021','0242D14215P04','0242D14215P04',3,0,0,0),(75,'P186','0242D14215P04','0242D14215P04',2,0,0,0),(76,'P029','0242D14215P04','0242D14215P04',1,0,0,0),(77,'2001','0242D14215P04','0242D14215P04',0,0,0,0),(78,'2002','0244D02138P03','0254D02138P03',14,0,0,0),(79,'P055','0244D02138P03','0244D02138P03',13,0,0,0),(80,'P071','0244D02138P03','0244D02138P03',12,0,0,0),(81,'P191','0244D02138P03','0244D02138P03',11,0,0,0),(82,'P128','0244D02138P03','0244D02138P03',10,0,0,0),(83,'P128-Q','0244D02138P03','0224D02138P03',9,0,0,0),(84,'P108','0244D02138P03','0244D02138P03',8,0,0,0),(85,'GR01','0244D02138P03','0244D02138P03',7,0,0,0),(86,'P055','0244D02138P03','0244D02138P03',6,0,0,0),(87,'P050','0244D02138P03','0244D02138P03',5,0,0,0),(88,'P050-Q','0244D02138P03','0244D02138P03',4,0,0,0),(89,'P186','0244D02138P03','0244D02138P03',3,0,0,0),(90,'P029','0244D02138P03','0244D02138P03',2,0,0,0),(91,'P187','0244D02138P03','0244D02138P03',1,0,0,0),(92,'2001','0244D02138P03','0244D02138P03',0,0,0,0),(93,'2002','0244D02327P02','0254D02327P02',14,0,0,0),(94,'P055','0244D02327P02','0244D02327P02',13,0,0,0),(95,'P071','0244D02327P02','0244D02327P02',12,0,0,0),(96,'P191','0244D02327P02','0244D02327P02',11,0,0,0),(97,'P128','0244D02327P02','0244D02327P02',10,0,0,0),(98,'P128-Q','0244D02327P02','0224D02327P02',9,0,0,0),(99,'P108','0244D02327P02','0244D02327P02',8,0,0,0),(100,'GR01','0244D02327P02','0244D02327P02',7,0,0,0),(101,'P055','0244D02327P02','0244D02327P02',6,0,0,0),(102,'P050','0244D02327P02','0244D02327P02',5,0,0,0),(103,'P050-Q','0244D02327P02','0244D02327P02',4,0,0,0),(104,'P186','0244D02327P02','0244D02327P02',3,0,0,0),(105,'P029','0244D02327P02','0244D02327P02',2,0,0,0),(106,'P187','0244D02327P02','0244D02327P02',1,0,0,0),(107,'2001','0244D02327P02','0244D02327P02',0,0,0,0),(108,'2002','0244D02837P02','0254D02837P02',14,0,0,0),(109,'P055','0244D02837P02','0244D02837P02',13,0,0,0),(110,'P071','0244D02837P02','0244D02837P02',12,0,0,0),(111,'P191','0244D02837P02','0244D02837P02',11,0,0,0),(112,'P128','0244D02837P02','0244D02837P02',10,0,0,0),(113,'P128-Q','0244D02837P02','0224D02837P02',9,0,0,0),(114,'P108','0244D02837P02','0244D02837P02',8,0,0,0),(115,'GR01','0244D02837P02','0244D02837P02',7,0,0,0),(116,'P055','0244D02837P02','0244D02837P02',6,0,0,0),(117,'P050','0244D02837P02','0244D02837P02',5,0,0,0),(118,'P050-Q','0244D02837P02','0244D02837P02',4,0,0,0),(119,'P186','0244D02837P02','0244D02837P02',3,0,0,0),(120,'P029','0244D02837P02','0244D02837P02',2,0,0,0),(121,'P187','0244D02837P02','0244D02837P02',1,0,0,0),(122,'2001','0244D02837P02','0244D02837P02',0,0,0,0),(123,'P132','0244D13313P01','0244D13313P01',15,0,0,0),(124,'P055','0244D13313P01','0244D13313P01',14,0,0,0),(125,'P128','0244D13313P01','0244D13313P01',13,0,0,0),(126,'P128-Q','0244D13313P01','0244D13313P01',12,0,0,0),(127,'P105','0244D13313P01','0244D13313P01',11,0,0,0),(128,'P105-Q','0244D13313P01','0244D13313P01',10,0,0,0),(129,'P108','0244D13313P01','0244D13313P01',9,0,0,0),(130,'P188','0244D13313P01','0244D13313P01',8,0,0,0),(131,'P082','0244D13313P01','0244D13313P01',7,0,0,0),(132,'P021','0244D13313P01','0244D13313P01',6,0,0,0),(133,'P021-Q','0244D13313P01','0244D13313P01',5,0,0,0),(134,'P193','0244D13313P01','0244D13313P01',4,0,0,0),(135,'P029','0244D13313P01','0244D13313P01',3,0,0,0),(136,'P196','0244D13313P01','0244D13313P01',2,0,0,0),(137,'P081','0244D13313P01','0244D13313P01',1,0,0,0),(138,'3001','0244D13313P01','0244D13313P01',0,0,0,0),(139,'P132','0244D13430P03','0244D13430P03',15,0,0,0),(140,'P055','0244D13430P03','0244D13430P03',14,0,0,0),(141,'P128','0244D13430P03','0244D13430P03',13,0,0,0),(142,'P128-Q','0244D13430P03','0244D13430P03',12,0,0,0),(143,'P105','0244D13430P03','0244D13430P03',11,0,0,0),(144,'P105-Q','0244D13430P03','0244D13430P03',10,0,0,0),(145,'P108','0244D13430P03','0244D13430P03',9,0,0,0),(146,'P188','0244D13430P03','0244D13430P03',8,0,0,0),(147,'P082','0244D13430P03','0244D13430P03',7,0,0,0),(148,'P021','0244D13430P03','0244D13430P03',6,0,0,0),(149,'P021-Q','0244D13430P03','0244D13430P03',5,0,0,0),(150,'P193','0244D13430P03','0244D13430P03',4,0,0,0),(151,'P029','0244D13430P03','0244D13430P03',3,0,0,0),(152,'P196','0244D13430P03','0244D13430P03',2,0,0,0),(153,'P081','0244D13430P03','0244D13430P03',1,0,0,0),(154,'3001','0244D13430P03','0244D13430P03',0,0,0,0),(155,'P132','0244D13562P01','0244D13562P01',15,0,0,0),(156,'P055','0244D13562P01','0244D13562P01',14,0,0,0),(157,'P128','0244D13562P01','0244D13562P01',13,0,0,0),(158,'P128-Q','0244D13562P01','0244D13562P01',12,0,0,0),(159,'P105','0244D13562P01','0244D13562P01',11,0,0,0),(160,'P105-Q','0244D13562P01','0244D13562P01',10,0,0,0),(161,'P108','0244D13562P01','0244D13562P01',9,0,0,0),(162,'P188','0244D13562P01','0244D13562P01',8,0,0,0),(163,'P082','0244D13562P01','0244D13562P01',7,0,0,0),(164,'P021','0244D13562P01','0244D13562P01',6,0,0,0),(165,'P021-Q','0244D13562P01','0244D13562P01',5,0,0,0),(166,'P193','0244D13562P01','0244D13562P01',4,0,0,0),(167,'P029','0244D13562P01','0244D13562P01',3,0,0,0),(168,'P196','0244D13562P01','0244D13562P01',2,0,0,0),(169,'P081','0244D13562P01','0244D13562P01',1,0,0,0),(170,'3001','0244D13562P01','0244D13562P01',0,0,0,0),(171,'2002','0264D13313P02-1','0254D13313P02',10,0,0,0),(172,'F001','0264D13313P02-1','0264D13313P02-1',9,0,0,0),(173,'P108','0264D13313P02-1','0264D13313P02-1',8,0,0,0),(174,'P108-Q','0264D13313P02-1','0264D13313P02-1',7,0,0,0),(175,'P071','0264D13313P02-1','0264D13313P02-1',6,0,0,0),(176,'P127','0264D13313P02-1','0264D13313P02-1',5,0,0,0),(177,'P127-Q','0264D13313P02-1','0264D13313P02-1',4,0,0,0),(178,'P123','0264D13313P02-1','0264D13313P02-1',3,0,0,0),(179,'P123-Q','0264D13313P02-1','0264D13313P02-1',2,0,0,0),(180,'M007','0264D13313P02-1','0264D13313P02-1',1,0,0,0),(181,'2002','0264D13313P02-1','0264D13313P02-1',0,0,0,0),(182,'2002','0264D13430P01-1','0254D13430P01',10,0,0,0),(183,'F001','0264D13430P01-1','0264D13430P01-1',9,0,0,0),(184,'P108','0264D13430P01-1','0264D13430P01-1',8,0,0,0),(185,'P108-Q','0264D13430P01-1','0264D13430P01-1',7,0,0,0),(186,'P071','0264D13430P01-1','0264D13430P01-1',6,0,0,0),(187,'P127','0264D13430P01-1','0264D13430P01-1',5,0,0,0),(188,'P127-Q','0264D13430P01-1','0264D13430P01-1',4,0,0,0),(189,'P123','0264D13430P01-1','0264D13430P01-1',3,0,0,0),(190,'P123-Q','0264D13430P01-1','0264D13430P01-1',2,0,0,0),(191,'M007','0264D13430P01-1','0264D13430P01-1',1,0,0,0),(192,'2002','0264D13430P01-1','0264D13430P01-1',0,0,0,0),(193,'2002','0264D13562P01-1','0254D13562P01',10,0,0,0),(194,'F001','0264D13562P01-1','0264D13562P01-1',9,0,0,0),(195,'P108','0264D13562P01-1','0264D13562P01-1',8,0,0,0),(196,'P108-Q','0264D13562P01-1','0264D13562P01-1',7,0,0,0),(197,'P071','0264D13562P01-1','0264D13562P01-1',6,0,0,0),(198,'P127','0264D13562P01-1','0264D13562P01-1',5,0,0,0),(199,'P127-Q','0264D13562P01-1','0264D13562P01-1',4,0,0,0),(200,'P123','0264D13562P01-1','0264D13562P01-1',3,0,0,0),(201,'P123-Q','0264D13562P01-1','0264D13562P01-1',2,0,0,0),(202,'M007','0264D13562P01-1','0264D13562P01-1',1,0,0,0),(203,'2002','0264D13562P01-1','0264D13562P01-1',0,0,0,0),(204,'P102','02480090001','02480090001',11,0,0,0),(205,'P102-Q','02480090001','02480090001',10,0,0,0),(206,'P071','02480090001','02480090001',9,0,0,0),(207,'P053','02480090001','02480090001',8,0,0,0),(208,'P082','02480090001','02480090001',7,0,0,0),(209,'P069','02480090001','02480090001',6,0,0,0),(210,'P188','02480090001','02480090001',5,0,0,0),(211,'P196','02480090001','02480090001',4,0,0,0),(212,'P148','02480090001','02480090001',3,0,0,0),(213,'P148-Q','02480090001','02480090001',2,0,0,0),(214,'P081','02480090001','02480090001',1,0,0,0),(215,'3001','02480090001','02480090001',0,0,0,0),(216,'P102','02480090002','02480090002',11,0,0,0),(217,'P102-Q','02480090002','02480090002',10,0,0,0),(218,'P071','02480090002','02480090002',9,0,0,0),(219,'P053','02480090002','02480090002',8,0,0,0),(220,'P082','02480090002','02480090002',7,0,0,0),(221,'P069','02480090002','02480090002',6,0,0,0),(222,'P188','02480090002','02480090002',5,0,0,0),(223,'P196','02480090002','02480090002',4,0,0,0),(224,'P148','02480090002','02480090002',3,0,0,0),(225,'P148-Q','02480090002','02480090002',2,0,0,0),(226,'P081','02480090002','02480090002',1,0,0,0),(227,'3001','02480090002','02480090002',0,0,0,0),(228,'P102','02480090003','02480090003',11,0,0,0),(229,'P102-Q','02480090003','02480090003',10,0,0,0),(230,'P071','02480090003','02480090003',9,0,0,0),(231,'P053','02480090003','02480090003',8,0,0,0),(232,'P082','02480090003','02480090003',7,0,0,0),(233,'P069','02480090003','02480090003',6,0,0,0),(234,'P188','02480090003','02480090003',5,0,0,0),(235,'P196','02480090003','02480090003',4,0,0,0),(236,'P148','02480090003','02480090003',3,0,0,0),(237,'P148-Q','02480090003','02480090003',2,0,0,0),(238,'P081','02480090003','02480090003',1,0,0,0),(239,'3001','02480090003','02480090003',0,0,0,0),(240,'P102','02480090004','02480090004',11,0,0,0),(241,'P102-Q','02480090004','02480090004',10,0,0,0),(242,'P071','02480090004','02480090004',9,0,0,0),(243,'P053','02480090004','02480090004',8,0,0,0),(244,'P082','02480090004','02480090004',7,0,0,0),(245,'P069','02480090004','02480090004',6,0,0,0),(246,'P188','02480090004','02480090004',5,0,0,0),(247,'P196','02480090004','02480090004',4,0,0,0),(248,'P148','02480090004','02480090004',3,0,0,0),(249,'P148-Q','02480090004','02480090004',2,0,0,0),(250,'P081','02480090004','02480090004',1,0,0,0),(251,'3001','02480090004','02480090004',0,0,0,0),(252,'P102','02480090005','02480090005',11,0,0,0),(253,'P102-Q','02480090005','02480090005',10,0,0,0),(254,'P071','02480090005','02480090005',9,0,0,0),(255,'P053','02480090005','02480090005',8,0,0,0),(256,'P082','02480090005','02480090005',7,0,0,0),(257,'P069','02480090005','02480090005',6,0,0,0),(258,'P188','02480090005','02480090005',5,0,0,0),(259,'P196','02480090005','02480090005',4,0,0,0),(260,'P148','02480090005','02480090005',3,0,0,0),(261,'P148-Q','02480090005','02480090005',2,0,0,0),(262,'P081','02480090005','02480090005',1,0,0,0),(263,'3001','02480090005','02480090005',0,0,0,0),(264,'P102','02480090006','02480090006',11,0,0,0),(265,'P102-Q','02480090006','02480090006',10,0,0,0),(266,'P071','02480090006','02480090006',9,0,0,0),(267,'P053','02480090006','02480090006',8,0,0,0),(268,'P082','02480090006','02480090006',7,0,0,0),(269,'P069','02480090006','02480090006',6,0,0,0),(270,'P188','02480090006','02480090006',5,0,0,0),(271,'P196','02480090006','02480090006',4,0,0,0),(272,'P148','02480090006','02480090006',3,0,0,0),(273,'P148-Q','02480090006','02480090006',2,0,0,0),(274,'P081','02480090006','02480090006',1,0,0,0),(275,'3001','02480090006','02480090006',0,0,0,0),(276,'P102','02480090007','02480090007',11,0,0,0),(277,'P102-Q','02480090007','02480090007',10,0,0,0),(278,'P071','02480090007','02480090007',9,0,0,0),(279,'P053','02480090007','02480090007',8,0,0,0),(280,'P082','02480090007','02480090007',7,0,0,0),(281,'P069','02480090007','02480090007',6,0,0,0),(282,'P188','02480090007','02480090007',5,0,0,0),(283,'P196','02480090007','02480090007',4,0,0,0),(284,'P148','02480090007','02480090007',3,0,0,0),(285,'P148-Q','02480090007','02480090007',2,0,0,0),(286,'P081','02480090007','02480090007',1,0,0,0),(287,'3001','02480090007','02480090007',0,0,0,0),(288,'2002','02640110001','02540110001',9,0,0,0),(289,'P108','02640110001','02640110001',8,0,0,0),(290,'P057','02640110001','02640110001',7,0,0,0),(291,'P057-Q','02640110001','02640110001',6,0,0,0),(292,'P105','02640110001','02640110001',5,0,0,0),(293,'P105-Q','02640110001','02640110001',4,0,0,0),(294,'P071','02640110001','02640110001',3,0,0,0),(295,'P055','02640110001','02640110001',2,0,0,0),(296,'P029','02640110001','02640110001',1,0,0,0),(297,'2001','02640110001','02640110001',0,0,0,0),(298,'2002','02640110002','02540110002',9,0,0,0),(299,'P108','02640110002','02640110002',8,0,0,0),(300,'P057','02640110002','02640110002',7,0,0,0),(301,'P057-Q','02640110002','02640110002',6,0,0,0),(302,'P105','02640110002','02640110002',5,0,0,0),(303,'P105-Q','02640110002','02640110002',4,0,0,0),(304,'P071','02640110002','02640110002',3,0,0,0),(305,'P055','02640110002','02640110002',2,0,0,0),(306,'P029','02640110002','02640110002',1,0,0,0),(307,'2001','02640110002','02640110002',0,0,0,0),(308,'2002','02640110003','02540110003',9,0,0,0),(309,'P108','02640110003','02640110003',8,0,0,0),(310,'P057','02640110003','02640110003',7,0,0,0),(311,'P057-Q','02640110003','02640110003',6,0,0,0),(312,'P105','02640110003','02640110003',5,0,0,0),(313,'P105-Q','02640110003','02640110003',4,0,0,0),(314,'P071','02640110003','02640110003',3,0,0,0),(315,'P055','02640110003','02640110003',2,0,0,0),(316,'P029','02640110003','02640110003',1,0,0,0),(317,'2001','02640110003','02640110003',0,0,0,0),(318,'P084','02640240001','02640240001',8,0,0,0),(319,'P084-Q','02640240001','02640240001',7,0,0,0),(320,'P055','02640240001','02640240001',6,0,0,0),(321,'P130','02640240001','02640240001',5,0,0,0),(322,'P130-Q','02640240001','02640240001',4,0,0,0),(323,'P057','02640240001','02640240001',3,0,0,0),(324,'P057-Q','02640240001','02640240001',2,0,0,0),(325,'P186','02640240001','02640240001',1,0,0,0),(326,'2001','02640240001','02640240001',0,0,0,0),(327,'P084','02640240002','02640240002',8,0,0,0),(328,'P084-Q','02640240002','02640240002',7,0,0,0),(329,'P055','02640240002','02640240002',6,0,0,0),(330,'P130','02640240002','02640240002',5,0,0,0),(331,'P130-Q','02640240002','02640240002',4,0,0,0),(332,'P057','02640240002','02640240002',3,0,0,0),(333,'P057-Q','02640240002','02640240002',2,0,0,0),(334,'P186','02640240002','02640240002',1,0,0,0),(335,'2001','02640240002','02640240002',0,0,0,0),(336,'P084','02640240003','02640240003',8,0,0,0),(337,'P084-Q','02640240003','02640240003',7,0,0,0),(338,'P055','02640240003','02640240003',6,0,0,0),(339,'P130','02640240003','02640240003',5,0,0,0),(340,'P130-Q','02640240003','02640240003',4,0,0,0),(341,'P057','02640240003','02640240003',3,0,0,0),(342,'P057-Q','02640240003','02640240003',2,0,0,0),(343,'P186','02640240003','02640240003',1,0,0,0),(344,'2001','02640240003','02640240003',0,0,0,0),(345,'P084','02640240004','02640240004',8,0,0,0),(346,'P084-Q','02640240004','02640240004',7,0,0,0),(347,'P055','02640240004','02640240004',6,0,0,0),(348,'P130','02640240004','02640240004',5,0,0,0),(349,'P130-Q','02640240004','02640240004',4,0,0,0),(350,'P057','02640240004','02640240004',3,0,0,0),(351,'P057-Q','02640240004','02640240004',2,0,0,0),(352,'P186','02640240004','02640240004',1,0,0,0),(353,'2001','02640240004','02640240004',0,0,0,0),(354,'P084','02640240005','02640240005',8,0,0,0),(355,'P084-Q','02640240005','02640240005',7,0,0,0),(356,'P055','02640240005','02640240005',6,0,0,0),(357,'P130','02640240005','02640240005',5,0,0,0),(358,'P130-Q','02640240005','02640240005',4,0,0,0),(359,'P057','02640240005','02640240005',3,0,0,0),(360,'P057-Q','02640240005','02640240005',2,0,0,0),(361,'P186','02640240005','02640240005',1,0,0,0),(362,'2001','02640240005','02640240005',0,0,0,0),(363,'P084','02640240006','02640240006',8,0,0,0),(364,'P084-Q','02640240006','02640240006',7,0,0,0),(365,'P055','02640240006','02640240006',6,0,0,0),(366,'P130','02640240006','02640240006',5,0,0,0),(367,'P130-Q','02640240006','02640240006',4,0,0,0),(368,'P057','02640240006','02640240006',3,0,0,0),(369,'P057-Q','02640240006','02640240006',2,0,0,0),(370,'P186','02640240006','02640240006',1,0,0,0),(371,'2001','02640240006','02640240006',0,0,0,0),(372,'P084','02640240007','02640240007',8,0,0,0),(373,'P084-Q','02640240007','02640240007',7,0,0,0),(374,'P055','02640240007','02640240007',6,0,0,0),(375,'P130','02640240007','02640240007',5,0,0,0),(376,'P130-Q','02640240007','02640240007',4,0,0,0),(377,'P057','02640240007','02640240007',3,0,0,0),(378,'P057-Q','02640240007','02640240007',2,0,0,0),(379,'P186','02640240007','02640240007',1,0,0,0),(380,'2001','02640240007','02640240007',0,0,0,0),(381,'P055','02440080001','02440080001',16,0,0,0),(382,'LS03','02440080001','02440080001',15,0,0,0),(383,'P071','02440080001','02440080001',14,0,0,0),(384,'P186','02440080001','02440080001',13,0,0,0),(385,'P124','02440080001','02440080001',12,0,0,0),(386,'P124-Q','02440080001','02440080001',11,0,0,0),(387,'P053','02440080001','02440080001',10,0,0,0),(388,'P069','02440080001','02440080001',9,0,0,0),(389,'P053-Q','02440080001','02440080001',8,0,0,0),(390,'P101','02440080001','02440080001',7,0,0,0),(391,'LS02','02440080001','02440080001',6,0,0,0),(392,'P101-Q','02440080001','02440080001',5,0,0,0),(393,'P188','02440080001','02440080001',4,0,0,0),(394,'P082','02440080001','02440080001',3,0,0,0),(395,'P196','02440080001','02440080001',2,0,0,0),(396,'P081','02440080001','02440080001',1,0,0,0),(397,'3001','02440080001','02440080001',0,0,0,0),(398,'P055','02440080002','02440080002',16,0,0,0),(399,'LS03','02440080002','02440080002',15,0,0,0),(400,'P071','02440080002','02440080002',14,0,0,0),(401,'P186','02440080002','02440080002',13,0,0,0),(402,'P124','02440080002','02440080002',12,0,0,0),(403,'P124-Q','02440080002','02440080002',11,0,0,0),(404,'P053','02440080002','02440080002',10,0,0,0),(405,'P069','02440080002','02440080002',9,0,0,0),(406,'P053-Q','02440080002','02440080002',8,0,0,0),(407,'P101','02440080002','02440080002',7,0,0,0),(408,'LS02','02440080002','02440080002',6,0,0,0),(409,'P101-Q','02440080002','02440080002',5,0,0,0),(410,'P188','02440080002','02440080002',4,0,0,0),(411,'P082','02440080002','02440080002',3,0,0,0),(412,'P196','02440080002','02440080002',2,0,0,0),(413,'P081','02440080002','02440080002',1,0,0,0),(414,'3001','02440080002','02440080002',0,0,0,0),(415,'P055','02440080003','02440080003',16,0,0,0),(416,'LS03','02440080003','02440080003',15,0,0,0),(417,'P071','02440080003','02440080003',14,0,0,0),(418,'P186','02440080003','02440080003',13,0,0,0),(419,'P124','02440080003','02440080003',12,0,0,0),(420,'P124-Q','02440080003','02440080003',11,0,0,0),(421,'P053','02440080003','02440080003',10,0,0,0),(422,'P069','02440080003','02440080003',9,0,0,0),(423,'P053-Q','02440080003','02440080003',8,0,0,0),(424,'P101','02440080003','02440080003',7,0,0,0),(425,'LS02','02440080003','02440080003',6,0,0,0),(426,'P101-Q','02440080003','02440080003',5,0,0,0),(427,'P188','02440080003','02440080003',4,0,0,0),(428,'P082','02440080003','02440080003',3,0,0,0),(429,'P196','02440080003','02440080003',2,0,0,0),(430,'P081','02440080003','02440080003',1,0,0,0),(431,'3001','02440080003','02440080003',0,0,0,0),(432,'P055','02440080004','02440080004',16,0,0,0),(433,'LS03','02440080004','02440080004',15,0,0,0),(434,'P071','02440080004','02440080004',14,0,0,0),(435,'P186','02440080004','02440080004',13,0,0,0),(436,'P124','02440080004','02440080004',12,0,0,0),(437,'P124-Q','02440080004','02440080004',11,0,0,0),(438,'P053','02440080004','02440080004',10,0,0,0),(439,'P069','02440080004','02440080004',9,0,0,0),(440,'P053-Q','02440080004','02440080004',8,0,0,0),(441,'P101','02440080004','02440080004',7,0,0,0),(442,'LS02','02440080004','02440080004',6,0,0,0),(443,'P101-Q','02440080004','02440080004',5,0,0,0),(444,'P188','02440080004','02440080004',4,0,0,0),(445,'P082','02440080004','02440080004',3,0,0,0),(446,'P196','02440080004','02440080004',2,0,0,0),(447,'P081','02440080004','02440080004',1,0,0,0),(448,'3001','02440080004','02440080004',0,0,0,0),(449,'P055','02440080005','02440080005',16,0,0,0),(450,'LS03','02440080005','02440080005',15,0,0,0),(451,'P071','02440080005','02440080005',14,0,0,0),(452,'P186','02440080005','02440080005',13,0,0,0),(453,'P124','02440080005','02440080005',12,0,0,0),(454,'P124-Q','02440080005','02440080005',11,0,0,0),(455,'P053','02440080005','02440080005',10,0,0,0),(456,'P069','02440080005','02440080005',9,0,0,0),(457,'P053-Q','02440080005','02440080005',8,0,0,0),(458,'P101','02440080005','02440080005',7,0,0,0),(459,'LS02','02440080005','02440080005',6,0,0,0),(460,'P101-Q','02440080005','02440080005',5,0,0,0),(461,'P188','02440080005','02440080005',4,0,0,0),(462,'P082','02440080005','02440080005',3,0,0,0),(463,'P196','02440080005','02440080005',2,0,0,0),(464,'P081','02440080005','02440080005',1,0,0,0),(465,'3001','02440080005','02440080005',0,0,0,0),(466,'P046','02540080005','02540080005',2,0,0,0),(467,'P046-Q','02540080005','02540080005',1,0,0,0),(468,'2002','02540080005','02540080005',0,0,0,0),(469,'P046','02540080006','02540080006',2,0,0,0),(470,'P046-Q','02540080006','02540080006',1,0,0,0),(471,'2002','02540080006','02540080006',0,0,0,0),(472,'P046','02540080007','02540080007',2,0,0,0),(473,'P046-Q','02540080007','02540080007',1,0,0,0),(474,'2002','02540080007','02540080007',0,0,0,0),(475,'P046','02540080008','02540080008',2,0,0,0),(476,'P046-Q','02540080008','02540080008',1,0,0,0),(477,'2002','02540080008','02540080008',0,0,0,0),(478,'P046','02540080009','02540080009',2,0,0,0),(479,'P046-Q','02540080009','02540080009',1,0,0,0),(480,'2002','02540080009','02540080009',0,0,0,0),(481,'P159','02440080006','02440080006',17,0,0,0),(482,'P159-Q','02440080006','02440080006',16,0,0,0),(483,'M001','02440080006','02440080006',15,0,0,0),(484,'P046','02440080006','02440080006',14,0,0,0),(485,'P046-Q','02440080006','02440080006',13,0,0,0),(486,'P123','02440080006','02440080006',12,0,0,0),(487,'P123-Q','02440080006','02440080006',11,0,0,0),(488,'P055','02440080006','02440080006',10,0,0,0),(489,'M007','02440080006','02440080006',9,0,0,0),(490,'P186','02440080006','02440080006',8,0,0,0),(491,'P078','02440080006','02440080006',7,0,0,0),(492,'P124','02440080006','02440080006',6,0,0,0),(493,'P124-Q','02440080006','02440080006',5,0,0,0),(494,'P082','02440080006','02440080006',4,0,0,0),(495,'P021','02440080006','02440080006',3,0,0,0),(496,'P196','02440080006','02440080006',2,0,0,0),(497,'P081','02440080006','02440080006',1,0,0,0),(498,'3001','02440080006','02440080006',0,0,0,0),(499,'P159','02440080007','02440080007',17,0,0,0),(500,'P159-Q','02440080007','02440080007',16,0,0,0),(501,'M001','02440080007','02440080007',15,0,0,0),(502,'P046','02440080007','02440080007',14,0,0,0),(503,'P046-Q','02440080007','02440080007',13,0,0,0),(504,'P123','02440080007','02440080007',12,0,0,0),(505,'P123-Q','02440080007','02440080007',11,0,0,0),(506,'P055','02440080007','02440080007',10,0,0,0),(507,'M007','02440080007','02440080007',9,0,0,0),(508,'P186','02440080007','02440080007',8,0,0,0),(509,'P078','02440080007','02440080007',7,0,0,0),(510,'P124','02440080007','02440080007',6,0,0,0),(511,'P124-Q','02440080007','02440080007',5,0,0,0),(512,'P082','02440080007','02440080007',4,0,0,0),(513,'P021','02440080007','02440080007',3,0,0,0),(514,'P196','02440080007','02440080007',2,0,0,0),(515,'P081','02440080007','02440080007',1,0,0,0),(516,'3001','02440080007','02440080007',0,0,0,0),(517,'P159','02440080008','02440080008',17,0,0,0),(518,'P159-Q','02440080008','02440080008',16,0,0,0),(519,'M001','02440080008','02440080008',15,0,0,0),(520,'P046','02440080008','02440080008',14,0,0,0),(521,'P046-Q','02440080008','02440080008',13,0,0,0),(522,'P123','02440080008','02440080008',12,0,0,0),(523,'P123-Q','02440080008','02440080008',11,0,0,0),(524,'P055','02440080008','02440080008',10,0,0,0),(525,'M007','02440080008','02440080008',9,0,0,0),(526,'P186','02440080008','02440080008',8,0,0,0),(527,'P078','02440080008','02440080008',7,0,0,0),(528,'P124','02440080008','02440080008',6,0,0,0),(529,'P124-Q','02440080008','02440080008',5,0,0,0),(530,'P082','02440080008','02440080008',4,0,0,0),(531,'P021','02440080008','02440080008',3,0,0,0),(532,'P196','02440080008','02440080008',2,0,0,0),(533,'P081','02440080008','02440080008',1,0,0,0),(534,'3001','02440080008','02440080008',0,0,0,0),(535,'P055','02480080005','02480080005',10,0,0,0),(536,'P105','02480080005','02480080005',9,0,0,0),(537,'P105-Q','02480080005','02480080005',8,0,0,0),(538,'P071','02480080005','02480080005',7,0,0,0),(539,'P082','02480080005','02480080005',6,0,0,0),(540,'P069','02480080005','02480080005',5,0,0,0),(541,'P091','02480080005','02480080005',4,0,0,0),(542,'P091-Q','02480080005','02480080005',3,0,0,0),(543,'P196','02480080005','02480080005',2,0,0,0),(544,'P081','02480080005','02480080005',1,0,0,0),(545,'3001','02480080005','02480080005',0,0,0,0),(546,'2002','02340080003','02340080003',0,0,0,0),(547,'P102','0248CA-000283-004','0248CA-000283-004',12,0,0,0),(548,'P132','0248CA-000283-004','0248CA-000283-004',11,0,0,0),(549,'P102-Q','0248CA-000283-004','0248CA-000283-004',10,0,0,0),(550,'P105','0248CA-000283-004','0248CA-000283-004',9,0,0,0),(551,'P105-Q','0248CA-000283-004','0248CA-000283-004',8,0,0,0),(552,'P055','0248CA-000283-004','0248CA-000283-004',7,0,0,0),(553,'P069','0248CA-000283-004','0248CA-000283-004',6,0,0,0),(554,'LS02','0248CA-000283-004','0248CA-000283-004',5,0,0,0),(555,'P071','0248CA-000283-004','0248CA-000283-004',4,0,0,0),(556,'P082','0248CA-000283-004','0248CA-000283-004',3,0,0,0),(557,'P196','0248CA-000283-004','0248CA-000283-004',2,0,0,0),(558,'P081','0248CA-000283-004','0248CA-000283-004',1,0,0,0),(559,'3001','0248CA-000283-004','0248CA-000283-004',0,0,0,0),(560,'2001','0254CAP19','0254CAP19',0,0,0,0),(561,'P009','0264CAP18','0264CAP18',13,0,0,0),(562,'P009-Q','0264CAP18','0264CAP18',12,0,0,0),(563,'P119','0264CAP18','0264CAP18',11,0,0,0),(564,'P137','0264CAP18','0264CAP18',10,0,0,0),(565,'P137-Q','0264CAP18','0264CAP18',9,0,0,0),(566,'P191','0264CAP18','0264CAP18',8,0,0,0),(567,'P128','0264CAP18','0264CAP18',7,0,0,0),(568,'P128-Q','0264CAP18','0264CAP18',6,0,0,0),(569,'P124','0264CAP18','0264CAP18',5,0,0,0),(570,'P124-Q','0264CAP18','0264CAP18',4,0,0,0),(571,'P029','0264CAP18','0264CAP18',3,0,0,0),(572,'P053','0264CAP18','0264CAP18',2,0,0,0),(573,'P069','0264CAP18','0264CAP18',1,0,0,0),(574,'P053-Q','0264CAP18','0264CAP18',0,0,0,0),(575,'EC001','0264CAP20','0264CAP20',4,0,0,0),(576,'P181','0264CAP20','0264CAP20',3,0,0,0),(577,'P181-Q','0264CAP20','0264CAP20',2,0,0,0),(578,'P055','0264CAP20','0264CAP20',1,0,0,0),(579,'2001','0264CAP20','0264CAP20',0,0,0,0),(580,'2002','0264CAP22','0254CAP22',11,0,0,0),(581,'P108','0264CAP22','0264CAP22',10,0,0,0),(582,'P108-Q','0264CAP22','0264CAP22',9,0,0,0),(583,'P071','0264CAP22','0264CAP22',8,0,0,0),(584,'P191','0264CAP22','0264CAP22',7,0,0,0),(585,'P128','0264CAP22','0264CAP22',6,0,0,0),(586,'P128-Q','0264CAP22','0264CAP22',5,0,0,0),(587,'P183','0264CAP22','0264CAP22',4,0,0,0),(588,'P183-Q','0264CAP22','0264CAP22',3,0,0,0),(589,'GR01','0264CAP22','0264CAP22',2,0,0,0),(590,'P055','0264CAP22','0264CAP22',1,0,0,0),(591,'2001','0264CAP22','0264CAP22',0,0,0,0),(592,'P055','02480080003','02480080003',11,0,0,0),(593,'P105','02480080003','02480080003',10,0,0,0),(594,'P105-Q','02480080003','02480080003',9,0,0,0),(595,'P071','02480080003','02480080003',8,0,0,0),(596,'P209','02480080003','02480080003',7,0,0,0),(597,'P082','02480080003','02480080003',6,0,0,0),(598,'P069','02480080003','02480080003',5,0,0,0),(599,'P091','02480080003','02480080003',4,0,0,0),(600,'P091-Q','02480080003','02480080003',3,0,0,0),(601,'P196','02480080003','02480080003',2,0,0,0),(602,'P081','02480080003','02480080003',1,0,0,0),(603,'3001','02480080003','02480080003',0,0,0,0),(604,'2002','02340080002','02340080002',0,0,0,0),(605,'P055','02480080006','02480080006',11,0,0,0),(606,'P105','02480080006','02480080006',10,0,0,0),(607,'P105-Q','02480080006','02480080006',9,0,0,0),(608,'P071','02480080006','02480080006',8,0,0,0),(609,'P209','02480080006','02480080006',7,0,0,0),(610,'P082','02480080006','02480080006',6,0,0,0),(611,'P069','02480080006','02480080006',5,0,0,0),(612,'P091','02480080006','02480080006',4,0,0,0),(613,'P091-Q','02480080006','02480080006',3,0,0,0),(614,'P196','02480080006','02480080006',2,0,0,0),(615,'P081','02480080006','02480080006',1,0,0,0),(616,'3001','02480080006','02480080006',0,0,0,0),(617,'2002','02340080004','02340080004',0,0,0,0),(618,'P075','02480080001','02480080001',5,0,0,0),(619,'P083','02480080001','02480080001',4,0,0,0),(620,'P075-Q','02480080001','02480080001',3,0,0,0),(621,'P196','02480080001','02480080001',2,0,0,0),(622,'P081','02480080001','02480080001',1,0,0,0),(623,'3001','02480080001','02480080001',0,0,0,0),(624,'LS01','0268CAM07','0268CAM07',5,0,0,0),(625,'P105','0268CAM07','0268CAM07',4,0,0,0),(626,'P105-Q','0268CAM07','0268CAM07',3,0,0,0),(627,'P055','0268CAM07','0268CAM07',2,0,0,0),(628,'P029','0268CAM07','0268CAM07',1,0,0,0),(629,'2001','0268CAM07','0268CAM07',0,0,0,0),(630,'P102','0268CAM07-A','0268CAM07-A',8,0,0,0),(631,'P198','0268CAM07-A','0268CAM07-A',7,0,0,0),(632,'P132','0268CAM07-A','0268CAM07-A',6,0,0,0),(633,'P198-Q','0268CAM07-A','0268CAM07-A',5,0,0,0),(634,'P105','0268CAM07-A','0268CAM07-A',4,0,0,0),(635,'P105-Q','0268CAM07-A','0268CAM07-A',3,0,0,0),(636,'P055','0268CAM07-A','0268CAM07-A',2,0,0,0),(637,'P069','0268CAM07-A','0268CAM07-A',1,0,0,0),(638,'P029','0268CAM07-A','0268CAM07-A',0,0,0,0),(639,'P055','02480080004','02480080004',11,0,0,0),(640,'P105','02480080004','02480080004',10,0,0,0),(641,'P105-Q','02480080004','02480080004',9,0,0,0),(642,'P071','02480080004','02480080004',8,0,0,0),(643,'P209','02480080004','02480080004',7,0,0,0),(644,'P082','02480080004','02480080004',6,0,0,0),(645,'P069','02480080004','02480080004',5,0,0,0),(646,'P091','02480080004','02480080004',4,0,0,0),(647,'P091-Q','02480080004','02480080004',3,0,0,0),(648,'P196','02480080004','02480080004',2,0,0,0),(649,'P081','02480080004','02480080004',1,0,0,0),(650,'3001','02480080004','02480080004',0,0,0,0),(651,'2002','02340080001','02340080001',0,0,0,0),(652,'P075','02480040001','02480040001',2,0,0,0),(653,'P081','02480040001','02480040001',1,0,0,0),(654,'3001','02480040001','02480040001',0,0,0,0),(655,'P075','0248D13195G01','0248D13195G01',2,0,0,0),(656,'P081','0248D13195G01','0248D13195G01',1,0,0,0),(657,'3001','0248D13195G01','0248D13195G01',0,0,0,0),(658,'2002','0244D12417P01','0254D12417P01',18,0,0,0),(659,'P055','0244D12417P01','0244D12417P01',17,0,0,0),(660,'P108','0244D12417P01','0244D12417P01',16,0,0,0),(661,'P071','0244D12417P01','0244D12417P01',15,0,0,0),(662,'P186','0244D12417P01','0244D12417P01',14,0,0,0),(663,'P128','0244D12417P01','0244D12417P01',13,0,0,0),(664,'P188','0244D12417P01','0244D12417P01',12,0,0,0),(665,'P127','0244D12417P01','0244D12417P01',11,0,0,0),(666,'P127-Q','0244D12417P01','0244D12417P01',10,0,0,0),(667,'P105','0244D12417P01','0244D12417P01',9,0,0,0),(668,'P105-Q','0244D12417P01','0244D12417P01',8,0,0,0),(669,'P189','0244D12417P01','0244D12417P01',7,0,0,0),(670,'P187','0244D12417P01','0244D12417P01',6,0,0,0),(671,'P069','0244D12417P01','0244D12417P01',5,0,0,0),(672,'GR01','0244D12417P01','0244D12417P01',4,0,0,0),(673,'P050','0244D12417P01','0244D12417P01',3,0,0,0),(674,'P050-Q','0244D12417P01','0244D12417P01',2,0,0,0),(675,'P082','0244D12417P01','0244D12417P01',1,0,0,0),(676,'P196','0244D12417P01','0244D12417P01',0,0,0,0),(677,'P091','02450060001','02450060001',3,0,0,0),(678,'P091-Q','02450060001','02450060001',2,0,0,0),(679,'P055','02450060001','02450060001',1,0,0,0),(680,'2001','02450060001','02450060001',0,0,0,0),(681,'2002','0245D12426P01','0255D12426P01',2,0,0,0),(682,'P082','0245D12426P01','0245D12426P01',1,0,0,0),(683,'2001','0245D12426P01','0245D12426P01',0,0,0,0),(684,'P075','02480050002','02480050002',10,0,0,0),(685,'P075-Q','02480050002','02480050002',9,0,0,0),(686,'P082','02480050002','02480050002',8,0,0,0),(687,'P148','02480050002','02480050002',7,0,0,0),(688,'P025','02480050002','02480050002',6,0,0,0),(689,'P025-Q','02480050002','02480050002',5,0,0,0),(690,'P197','02480050002','02480050002',4,0,0,0),(691,'P197-Q','02480050002','02480050002',3,0,0,0),(692,'P196','02480050002','02480050002',2,0,0,0),(693,'P081','02480050002','02480050002',1,0,0,0),(694,'3001','02480050002','02480050002',0,0,0,0),(695,'2002','02640050005','02540050010',2,0,0,0),(696,'P055','02640050005','02640050005',1,0,0,0),(697,'2001','02640050005','02640050005',0,0,0,0),(698,'2002','02640050006','02540050011',8,0,0,0),(699,'GR03','02640050006','02640050006',7,0,0,0),(700,'P183','02640050006','02640050006',6,0,0,0),(701,'P055','02640050006','02640050006',5,0,0,0),(702,'P053','02640050006','02640050006',4,0,0,0),(703,'P053-Q','02640050006','02640050006',3,0,0,0),(704,'P069','02640050006','02640050006',2,0,0,0),(705,'P029','02640050006','02640050006',1,0,0,0),(706,'2001','02640050006','02640050006',0,0,0,0),(707,'2002','02640050007','02540050012',5,0,0,0),(708,'P055','02640050007','02640050007',4,0,0,0),(709,'P053','02640050007','02640050007',3,0,0,0),(710,'P053-Q','02640050007','02640050007',2,0,0,0),(711,'P029','02640050007','02640050007',1,0,0,0),(712,'2001','02640050007','02640050007',0,0,0,0),(713,'2002','02640050008','02540050013',13,0,0,0),(714,'P055','02640050008','02640050008',12,0,0,0),(715,'P191','02640050008','02640050008',11,0,0,0),(716,'P128','02640050008','02640050008',10,0,0,0),(717,'P128-Q','02640050008','02640050008',9,0,0,0),(718,'P108','02640050008','02640050008',8,0,0,0),(719,'GR03','02640050008','02640050008',7,0,0,0),(720,'P186','02640050008','02640050008',6,0,0,0),(721,'P181','02640050008','02640050008',5,0,0,0),(722,'P181-Q','02640050008','02640050008',4,0,0,0),(723,'P183','02640050008','02640050008',3,0,0,0),(724,'P187','02640050008','02640050008',2,0,0,0),(725,'P021','02640050008','02640050008',1,0,0,0),(726,'P029','02640050008','02640050008',0,0,0,0),(727,'P075','02480050001','02480050001',5,0,0,0),(728,'P102','02480050001','02480050001',4,0,0,0),(729,'P102-Q','02480050001','02480050001',3,0,0,0),(730,'P196','02480050001','02480050001',2,0,0,0),(731,'P081','02480050001','02480050001',1,0,0,0),(732,'3001','02480050001','02480050001',0,0,0,0),(733,'LS02','02540050002','02540050002',1,0,0,0),(734,'2001','02540050002','02540050002',0,0,0,0),(735,'2002','02640050002','02540050001',3,0,0,0),(736,'P110','02640050002','02640050002',2,0,0,0),(737,'P082','02640050002','02640050002',1,0,0,0),(738,'2001','02640050002','02640050002',0,0,0,0),(739,'P099','02640050003','02640050003',3,0,0,0),(740,'P099-Q','02640050003','02640050003',2,0,0,0),(741,'P110','02640050003','02640050003',1,0,0,0),(742,'P082','02640050003','02640050003',0,0,0,0),(743,'P159','02440080010','02440080010',17,0,0,0),(744,'P159-Q','02440080010','02440080010',16,0,0,0),(745,'P108','02440080010','02440080010',15,0,0,0),(746,'P055','02440080010','02440080010',14,0,0,0),(747,'P128','02440080010','02440080010',13,0,0,0),(748,'P128-Q','02440080010','02440080010',12,0,0,0),(749,'P105','02440080010','02440080010',11,0,0,0),(750,'P105-Q','02440080010','02440080010',10,0,0,0),(751,'P186','02440080010','02440080010',9,0,0,0),(752,'P069','02440080010','02440080010',8,0,0,0),(753,'P124','02440080010','02440080010',7,0,0,0),(754,'P124-Q','02440080010','02440080010',6,0,0,0),(755,'P082','02440080010','02440080010',5,0,0,0),(756,'P149','02440080010','02440080010',4,0,0,0),(757,'P149-Q','02440080010','02440080010',3,0,0,0),(758,'P196','02440080010','02440080010',2,0,0,0),(759,'P081','02440080010','02440080010',1,0,0,0),(760,'3001','02440080010','02440080010',0,0,0,0),(761,'P082','0244D13317P01','0244D13317P01',3,0,0,0),(762,'P196','0244D13317P01','0244D13317P01',2,0,0,0),(763,'P081','0244D13317P01','0244D13317P01',1,0,0,0),(764,'3001','0244D13317P01','0244D13317P01',0,0,0,0),(765,'P082','0244D13434P01','0244D13434P01',3,0,0,0),(766,'P196','0244D13434P01','0244D13434P01',2,0,0,0),(767,'P081','0244D13434P01','0244D13434P01',1,0,0,0),(768,'3001','0244D13434P01','0244D13434P01',0,0,0,0),(769,'P071','0242D18493P01','0242D18493P01',3,0,0,0),(770,'P082','0242D18493P01','0242D18493P01',2,0,0,0),(771,'P081','0242D18493P01','0242D18493P01',1,0,0,0),(772,'3001','0242D18493P01','0242D18493P01',0,0,0,0),(773,'P159','02440080011','02440080011',12,0,0,0),(774,'P159-Q','02440080011','02440080011',11,0,0,0),(775,'P055','02440080011','02440080011',10,0,0,0),(776,'P078','02440080011','02440080011',9,0,0,0),(777,'P124','02440080011','02440080011',8,0,0,0),(778,'P124-Q','02440080011','02440080011',7,0,0,0),(779,'P082','02440080011','02440080011',6,0,0,0),(780,'P149','02440080011','02440080011',5,0,0,0),(781,'P149-Q','02440080011','02440080011',4,0,0,0),(782,'P021','02440080011','02440080011',3,0,0,0),(783,'P196','02440080011','02440080011',2,0,0,0),(784,'P081','02440080011','02440080011',1,0,0,0),(785,'3001','02440080011','02440080011',0,0,0,0),(786,'P159','02440080012','02440080012',12,0,0,0),(787,'P159-Q','02440080012','02440080012',11,0,0,0),(788,'P055','02440080012','02440080012',10,0,0,0),(789,'P078','02440080012','02440080012',9,0,0,0),(790,'P124','02440080012','02440080012',8,0,0,0),(791,'P124-Q','02440080012','02440080012',7,0,0,0),(792,'P082','02440080012','02440080012',6,0,0,0),(793,'P149','02440080012','02440080012',5,0,0,0),(794,'P149-Q','02440080012','02440080012',4,0,0,0),(795,'P021','02440080012','02440080012',3,0,0,0),(796,'P196','02440080012','02440080012',2,0,0,0),(797,'P081','02440080012','02440080012',1,0,0,0),(798,'3001','02440080012','02440080012',0,0,0,0),(799,'P159','02440080013','02440080013',12,0,0,0),(800,'P159-Q','02440080013','02440080013',11,0,0,0),(801,'P055','02440080013','02440080013',10,0,0,0),(802,'P078','02440080013','02440080013',9,0,0,0),(803,'P124','02440080013','02440080013',8,0,0,0),(804,'P124-Q','02440080013','02440080013',7,0,0,0),(805,'P082','02440080013','02440080013',6,0,0,0),(806,'P149','02440080013','02440080013',5,0,0,0),(807,'P149-Q','02440080013','02440080013',4,0,0,0),(808,'P021','02440080013','02440080013',3,0,0,0),(809,'P196','02440080013','02440080013',2,0,0,0),(810,'P081','02440080013','02440080013',1,0,0,0),(811,'3001','02440080013','02440080013',0,0,0,0),(812,'P082','02440050002','02440050002',3,0,0,0),(813,'P196','02440050002','02440050002',2,0,0,0),(814,'P081','02440050002','02440050002',1,0,0,0),(815,'3001','02440050002','02440050002',0,0,0,0),(816,'P082','02440050001','02440050001',6,0,0,0),(817,'P053','02440050001','02440050001',5,0,0,0),(818,'P053-Q','02440050001','02440050001',4,0,0,0),(819,'P069','02440050001','02440050001',3,0,0,0),(820,'P196','02440050001','02440050001',2,0,0,0),(821,'P081','02440050001','02440050001',1,0,0,0),(822,'3001','02440050001','02440050001',0,0,0,0),(823,'2002','0254D13317P01','0254D13317P01',0,0,0,0),(824,'2002','0254D13434P01','0254D13434P01',0,0,0,0),(825,'2002','0252D18493P01','0252D18493P01',0,0,0,0),(826,'2002','02540050008','02540050008',0,0,0,0),(827,'2002','02540050007','02540050007',0,0,0,0),(828,'P082','0243D31294P01','0243D31294P01',3,0,0,0),(829,'P196','0243D31294P01','0243D31294P01',2,0,0,0),(830,'P081','0243D31294P01','0243D31294P01',1,0,0,0),(831,'3001','0243D31294P01','0243D31294P01',0,0,0,0),(832,'P082','0243D33581P01','0243D33581P01',3,0,0,0),(833,'P196','0243D33581P01','0243D33581P01',2,0,0,0),(834,'P081','0243D33581P01','0243D33581P01',1,0,0,0),(835,'3001','0243D33581P01','0243D33581P01',0,0,0,0),(836,'P082','0244D31638P01','0244D31638P01',3,0,0,0),(837,'P196','0244D31638P01','0244D31638P01',2,0,0,0),(838,'P081','0244D31638P01','0244D31638P01',1,0,0,0),(839,'3001','0244D31638P01','0244D31638P01',0,0,0,0),(840,'2002','0253D31294P01','0253D31294P01',0,0,0,0),(841,'2002','0253D33581P01','0253D33581P01',0,0,0,0),(842,'2002','0254D31638P01','0254D31638P01',0,0,0,0),(843,'P075','02480040004','02480040004',4,0,0,0),(844,'P148','02480040004','02480040004',3,0,0,0),(845,'P083','02480040004','02480040004',2,0,0,0),(846,'P081','02480040004','02480040004',1,0,0,0),(847,'3001','02480040004','02480040004',0,0,0,0),(848,'P075','02480040005','02480040005',4,0,0,0),(849,'P148','02480040005','02480040005',3,0,0,0),(850,'P083','02480040005','02480040005',2,0,0,0),(851,'P081','02480040005','02480040005',1,0,0,0),(852,'3001','02480040005','02480040005',0,0,0,0),(853,'P075','02480040006','02480040006',4,0,0,0),(854,'P148','02480040006','02480040006',3,0,0,0),(855,'P083','02480040006','02480040006',2,0,0,0),(856,'P081','02480040006','02480040006',1,0,0,0),(857,'3001','02480040006','02480040006',0,0,0,0),(858,'P075','02480040007','02480040007',4,0,0,0),(859,'P148','02480040007','02480040007',3,0,0,0),(860,'P083','02480040007','02480040007',2,0,0,0),(861,'P081','02480040007','02480040007',1,0,0,0),(862,'3001','02480040007','02480040007',0,0,0,0),(863,'P084','0255D31989P03','0255D31989P03',1,0,0,0),(864,'P084-Q','0255D31989P03','0255D31989P03',0,0,0,0),(865,'P102','02580850006','02580850006',23,0,0,0),(866,'P102-Q','02580850006','02580850006',22,0,0,0),(867,'P198','02580850006','02580850006',21,0,0,0),(868,'P198-Q','02580850006','02580850006',20,0,0,0),(869,'P148','02580850006','02580850006',19,0,0,0),(870,'P148-Q','02580850006','0268D30433G04',18,0,0,0),(871,'P197','02580850006','02580850006',17,0,0,0),(872,'P075','02580850006','02580850006',16,0,0,0),(873,'P029','02580850006','02580850006',15,0,0,0),(874,'P021','02580850006','02580850006',14,0,0,0),(875,'P102','02580850006','02580850006',13,0,0,0),(876,'P102-Q','02580850006','02680850013',12,0,0,0),(877,'P055','02580850006','0264D30431P02',11,0,0,0),(878,'P148','02580850006','02580850006',10,0,0,0),(879,'P148-Q','02580850006','0255D33403P02-1',9,0,0,0),(880,'P148','02580850006','02580850006',8,0,0,0),(881,'P148-Q','02580850006','0255D33402P02-1',7,0,0,0),(882,'P084','02580850006','02580850006',6,0,0,0),(883,'P084-Q','02580850006','0255D31989P02',5,0,0,0),(884,'P075','02580850006','02580850006',4,0,0,0),(885,'P102','02580850006','02580850006',3,0,0,0),(886,'P102-Q','02580850006','02580850006',2,0,0,0),(887,'P198','02580850006','02580850006',1,0,0,0),(888,'P198-Q','02580850006','02580850006',0,0,0,0),(889,'P102','02580850008','02580850008',23,0,0,0),(890,'P102-Q','02580850008','02580850008',22,0,0,0),(891,'P198','02580850008','02580850008',21,0,0,0),(892,'P198-Q','02580850008','02580850008',20,0,0,0),(893,'P148','02580850008','02580850008',19,0,0,0),(894,'P148-Q','02580850008','0268D30433G03',18,0,0,0),(895,'P197','02580850008','02580850008',17,0,0,0),(896,'P075','02580850008','02580850008',16,0,0,0),(897,'P029','02580850008','02580850008',15,0,0,0),(898,'P021','02580850008','02580850008',14,0,0,0),(899,'P102','02580850008','02580850008',13,0,0,0),(900,'P102-Q','02580850008','02680850016',12,0,0,0),(901,'P055','02580850008','0264D30431P04',11,0,0,0),(902,'P148','02580850008','02580850008',10,0,0,0),(903,'P148-Q','02580850008','0255D33403P02-1',9,0,0,0),(904,'P148','02580850008','02580850008',8,0,0,0),(905,'P148-Q','02580850008','0255D33402P02-1',7,0,0,0),(906,'P084','02580850008','02580850008',6,0,0,0),(907,'P084-Q','02580850008','0255D31989P02',5,0,0,0),(908,'P075','02580850008','02580850008',4,0,0,0),(909,'P102','02580850008','02580850008',3,0,0,0),(910,'P102-Q','02580850008','02580850008',2,0,0,0),(911,'P198','02580850008','02580850008',1,0,0,0),(912,'P198-Q','02580850008','02580850008',0,0,0,0),(913,'P102','02580850011','02580850011',23,0,0,0),(914,'P102-Q','02580850011','02580850011',22,0,0,0),(915,'P198','02580850011','02580850011',21,0,0,0),(916,'P198-Q','02580850011','02580850011',20,0,0,0),(917,'P148','02580850011','02580850011',19,0,0,0),(918,'P148-Q','02580850011','0268D30433G04',18,0,0,0),(919,'P197','02580850011','02580850011',17,0,0,0),(920,'P075','02580850011','02580850011',16,0,0,0),(921,'P029','02580850011','02580850011',15,0,0,0),(922,'P021','02580850011','02580850011',14,0,0,0),(923,'P102','02580850011','02580850011',13,0,0,0),(924,'P102-Q','02580850011','02680850019',12,0,0,0),(925,'P055','02580850011','0264D30431P04',11,0,0,0),(926,'P148','02580850011','02580850011',10,0,0,0),(927,'P148-Q','02580850011','0255D33403P02-1',9,0,0,0),(928,'P148','02580850011','02580850011',8,0,0,0),(929,'P148-Q','02580850011','0255D33402P02-1',7,0,0,0),(930,'P084','02580850011','02580850011',6,0,0,0),(931,'P084-Q','02580850011','0255D31989P02',5,0,0,0),(932,'P075','02580850011','02580850011',4,0,0,0),(933,'P102','02580850011','02580850011',3,0,0,0),(934,'P102-Q','02580850011','02580850011',2,0,0,0),(935,'P198','02580850011','02580850011',1,0,0,0),(936,'P198-Q','02580850011','02580850011',0,0,0,0),(937,'P102','02580850014','02580850014',12,0,0,0),(938,'P102-Q','02580850014','02580850014',11,0,0,0),(939,'P198','02580850014','02580850014',10,0,0,0),(940,'P198-Q','02580850014','02580850014',9,0,0,0),(941,'P148','02580850014','02580850014',8,0,0,0),(942,'P148-Q','02580850014','0268D30433G03',7,0,0,0),(943,'P055','02580850014','0264D30431P02',6,0,0,0),(944,'P148','02580850014','02580850014',5,0,0,0),(945,'P148-Q','02580850014','0255D33403P02-1',4,0,0,0),(946,'P148','02580850014','02580850014',3,0,0,0),(947,'P148-Q','02580850014','0255D33402P02-1',2,0,0,0),(948,'P084','02580850014','02580850014',1,0,0,0),(949,'P084-Q','02580850014','0255D31989P02',0,0,0,0),(950,'P148','02650040001','02650040001',1,0,0,0),(951,'P148-Q','02650040001','02650040001',0,0,0,0),(952,'P089','0268D33513G02','0268D33513G02',3,0,0,0),(953,'P089-Q','0268D33513G02','0268D33513G02',2,0,0,0),(954,'P148','0268D33513G02','0268D33513G02',1,0,0,0),(955,'P148-Q','0268D33513G02','0268D33513G02',0,0,0,0),(956,'F001','0268D33876G01','0268D33876G01',9,0,0,0),(957,'P055','0268D33876G01','0264D31267P01',8,0,0,0),(958,'P108','0268D33876G01','0268D33876G01',7,0,0,0),(959,'P055','0268D33876G01','0264D30426P01',6,0,0,0),(960,'F001','0268D33876G01','0268D33876G01',5,0,0,0),(961,'P055','0268D33876G01','0264D30420P01',4,0,0,0),(962,'P104','0268D33876G01','0268D33876G01',3,0,0,0),(963,'P104-Q','0268D33876G01','0268D33876G01',2,0,0,0),(964,'P102','0268D33876G01','0268D33876G01',1,0,0,0),(965,'P102-Q','0268D33876G01','0268D33876G01',0,0,0,0),(966,'P055','0268D33876G02','0264D31267P02-A',7,0,0,0),(967,'P108','0268D33876G02','0268D33876G02',6,0,0,0),(968,'P055','0268D33876G02','0264D30426P01',5,0,0,0),(969,'P055','0268D33876G02','0264D30420P02-A',4,0,0,0),(970,'P104','0268D33876G02','0268D33876G02',3,0,0,0),(971,'P104-Q','0268D33876G02','0268D33876G02',2,0,0,0),(972,'P102','0268D33876G02','0268D33876G02',1,0,0,0),(973,'P102-Q','0268D33876G02','0268D33876G02',0,0,0,0),(974,'F001','0268D33877G01','0268D33877G01',9,0,0,0),(975,'P055','0268D33877G01','0264D31267P01',8,0,0,0),(976,'P108','0268D33877G01','0268D33877G01',7,0,0,0),(977,'P055','0268D33877G01','0264D30422P01',6,0,0,0),(978,'F001','0268D33877G01','0268D33877G01',5,0,0,0),(979,'P055','0268D33877G01','0264D30420P01',4,0,0,0),(980,'P104','0268D33877G01','0268D33877G01',3,0,0,0),(981,'P104-Q','0268D33877G01','0268D33877G01',2,0,0,0),(982,'P102','0268D33877G01','0268D33877G01',1,0,0,0),(983,'P102-Q','0268D33877G01','0268D33877G01',0,0,0,0),(984,'P055','0268D33877G02','0264D31267P02-A',7,0,0,0),(985,'P108','0268D33877G02','0268D33877G02',6,0,0,0),(986,'P055','0268D33877G02','0264D30422P01',5,0,0,0),(987,'P055','0268D33877G02','0264D30420P02-A',4,0,0,0),(988,'P104','0268D33877G02','0268D33877G02',3,0,0,0),(989,'P104-Q','0268D33877G02','0268D33877G02',2,0,0,0),(990,'P102','0268D33877G02','0268D33877G02',1,0,0,0),(991,'P102-Q','0268D33877G02','0268D33877G02',0,0,0,0);
/*!40000 ALTER TABLE `intaiweb_processlink` ENABLE KEYS */;
UNLOCK TABLES;

--
-- Table structure for table `intaiweb_product`
--

DROP TABLE IF EXISTS `intaiweb_product`;
/*!40101 SET @saved_cs_client     = @@character_set_client */;
/*!50503 SET character_set_client = utf8mb4 */;
CREATE TABLE `intaiweb_product` (
  `ProductID` varchar(32) NOT NULL,
  `CName` varchar(64) NOT NULL,
  `FirstPass` double NOT NULL,
  `Stock` int NOT NULL,
  `TypeID` varchar(32) NOT NULL,
  PRIMARY KEY (`ProductID`)
) ENGINE=InnoDB DEFAULT CHARSET=utf8mb4 COLLATE=utf8mb4_0900_ai_ci;
/*!40101 SET character_set_client = @saved_cs_client */;

--
-- Dumping data for table `intaiweb_product`
--

LOCK TABLES `intaiweb_product` WRITE;
/*!40000 ALTER TABLE `intaiweb_product` DISABLE KEYS */;
INSERT INTO `intaiweb_product` VALUES ('0242D18493P01','鋁戒',0.9,0,'2ETC07_01'),('0243D31294P01','前端接觸片Eagle Art',0.9,0,'接觸彈片_2ETC10_01'),('0243D33581P01','後端接觸片-ART',0.9,0,'接觸彈片_2ETC10_01'),('02440050001','邁凱倫-PCB螺絲',0.9,0,'2ETC21_03'),('02440050002','邁凱倫-M3螺絲',0.9,0,'2ETC21_04'),('02440080001','佛洛伊德1',0.9,0,'2ETC14_外管'),('02440080002','佛洛伊德2',0.9,0,'2ETC14_外管'),('02440080003','佛洛伊德3',0.9,0,'2ETC14_外管'),('02440080004','佛洛伊德4',0.9,0,'2ETC14_外管'),('02440080005','佛洛伊德5',0.9,0,'2ETC14_外管'),('02440080006','APEX L',0.89,0,'2ETC07'),('02440080007','APEX M',0.77,0,'2ETC07'),('02440080008','APEX S',0.8,0,'2ETC07'),('02440080010','邁凱倫-萬向接頭',0.9,0,'2ETC21_01'),('02440080011','邁凱倫-長管',0.9,0,'2ETC21'),('02440080012','邁凱倫-中管',0.9,0,'2ETC21'),('02440080013','邁凱倫-短管',0.9,0,'2ETC21'),('0244D13313P01','小夾子-後製程',0.87,0,'2ETC05'),('0244D13317P01','鉚釘(小)',0.9,0,'2ETC05_01'),('0244D13430P03','中夾子-後製程',0.88,0,'2ETC05'),('0244D13434P01','鉚釘(大)',0.9,0,'2ETC05_01'),('0244D13562P01','大夾子-後製程',0.79,0,'2ETC05'),('0244D31638P01','棘爪片Eagle Art',0.9,0,'接觸彈片_2ETC10_01'),('02480040001','圓弧切刀組件40mm(黑)',0.9,0,'2ETC15'),('02480040004','Eagle Art 5mmX35cm 組件-Art',0.9,0,'2ETC10'),('02480040005','Eagle Art 3mmX45cm 組件-Art',0.9,0,'2ETC10'),('02480040006','Eagle Art 3mmX35cm 組件-Art',0.9,0,'2ETC10'),('02480040007','Eagle Art 5mmX45cm 組件-Art',0.9,0,'2ETC10'),('02480050001','滑輪導線',0.9,0,'2BWI04'),('02480050002','邁凱倫-DAR 組件',0.9,0,'2ETC21_02'),('02480080001','CC-001206-13GA孔雀刀 (新)',0.9,0,'2DMP06'),('02480080003','CC-001267-10GA圓管刀',0.9,0,'2DMP03'),('02480080004','CC-001264-13GA圓管刀',0.9,0,'2DMP04'),('02480080005','8GA齒輪刀',0.9,0,'2DMP01'),('02480080006','11GA齒輪刀',0.9,0,'2DMP02'),('02480090001','彎刀組件-25',0.9,0,'2ETC14_組件'),('02480090002','彎刀組件-37',0.88,0,'2ETC14_組件'),('02480090003','彎刀組件-45',0.89,0,'2ETC14_組件'),('02480090004','彎刀組件-26',0.8,0,'2ETC14_組件'),('02480090005','彎刀組件-38',0.9,0,'2ETC14_組件'),('02480090006','彎刀組件-34',0.9,0,'2ETC14_組件'),('02480090007','彎刀組件-42',0.9,0,'2ETC14_組件'),('0248CA-000283-004','10GA 孔雀刀-9cm(長刀片)',0.9,0,'2DMP05'),('0248D13195G01','圓弧刀組件-CS40',0.9,0,'2ETC15'),('0248D15242G01','二代柳葉刀組立 12X100MM',0.9,0,'2ETC02'),('0248D15242G02','二代柳葉刀組立 12X150MM-2024-T',0.9,0,'2ETC02'),('0248D15242G03','二代柳葉刀組立 12X100MM-6061',0.9,0,'2ETC02'),('0248D15242G04','二代柳葉刀組立 12X150MM-6061',0.9,0,'2ETC02'),('0248D15506G01','二代柳葉刀組立 5X100MM',0.9,0,'2ETC02'),('0248D15506G02','二代柳葉刀組立 5X75MM',0.9,0,'2ETC02'),('0248D15642G02','二代柳葉刀組立 11X100MM-6061',0.9,0,'2ETC02');
/*!40000 ALTER TABLE `intaiweb_product` ENABLE KEYS */;
UNLOCK TABLES;

--
-- Table structure for table `intaiweb_productlink`
--

DROP TABLE IF EXISTS `intaiweb_productlink`;
/*!40101 SET @saved_cs_client     = @@character_set_client */;
/*!50503 SET character_set_client = utf8mb4 */;
CREATE TABLE `intaiweb_productlink` (
  `id` int NOT NULL AUTO_INCREMENT,
  `ProductID` varchar(32) NOT NULL,
  `PartID` varchar(32) NOT NULL,
  `PartCount` int NOT NULL,
  PRIMARY KEY (`id`)
) ENGINE=InnoDB AUTO_INCREMENT=169 DEFAULT CHARSET=utf8mb4 COLLATE=utf8mb4_0900_ai_ci;
/*!40101 SET character_set_client = @saved_cs_client */;

--
-- Dumping data for table `intaiweb_productlink`
--

LOCK TABLES `intaiweb_productlink` WRITE;
/*!40000 ALTER TABLE `intaiweb_productlink` DISABLE KEYS */;
INSERT INTO `intaiweb_productlink` VALUES (1,'0248D15242G01','0242D14215P01',1),(2,'0248D15242G01','0244D02837P02',1),(3,'0248D15242G02','0242D14215P02',1),(4,'0248D15242G02','0244D02837P02',1),(5,'0248D15242G03','0242D14215P03',1),(6,'0248D15242G03','0244D02837P02',1),(7,'0248D15242G04','0242D14215P04',1),(8,'0248D15242G04','0244D02837P02',1),(9,'0248D15506G01','0242D14089P01',1),(10,'0248D15506G01','0244D02138P03',1),(11,'0248D15506G02','0242D14089P02',1),(12,'0248D15506G02','0244D02138P03',1),(13,'0248D15642G02','0242D14215P03',1),(14,'0248D15642G02','0244D02327P02',1),(15,'0242D14089P01','0252D14089P01-1',1),(16,'0242D14089P02','0252D14089P02-1',1),(17,'0242D14215P01','0252D14215P01-1',1),(18,'0242D14215P02','0252D14215P02-1',1),(19,'0242D14215P03','0252D14215P03-1',1),(20,'0242D14215P04','0252D14215P04-1',1),(21,'0244D02138P03','0224D02138P03',1),(22,'0244D02138P03','0254D02138P03',1),(23,'0244D02327P02','0224D02327P02',1),(24,'0244D02327P02','0254D02327P02',1),(25,'0244D02837P02','0224D02837P02',1),(26,'0244D02837P02','0254D02837P02',1),(27,'0244D13562P01','0264D13562P01-1',1),(28,'0244D13430P03','0264D13430P01-1',1),(29,'0244D13313P01','0264D13313P02-1',1),(30,'0264D13313P02-1','0254D13313P02',1),(31,'0264D13430P01-1','0254D13430P01',1),(32,'0264D13562P01-1','0254D13562P01',1),(33,'02480090001','02640110001',1),(34,'02480090001','02640240001',1),(35,'02480090002','02640110001',1),(36,'02480090002','02640240002',1),(37,'02480090003','02640110001',1),(38,'02480090003','02640240003',1),(39,'02480090004','02640110002',1),(40,'02480090004','02640240004',1),(41,'02480090005','02640110002',1),(42,'02480090005','02640240005',1),(43,'02480090006','02640110003',1),(44,'02480090006','02640240006',1),(45,'02480090007','02640110003',1),(46,'02480090007','02640240007',1),(47,'02640110001','02540110001',1),(48,'02640110002','02540110002',1),(49,'02640110003','02540110003',1),(50,'02440080001','02540080005',1),(51,'02440080002','02540080006',1),(52,'02440080003','02540080007',1),(53,'02440080004','02540080008',1),(54,'02440080005','02540080009',1),(55,'02480080005','02340080003',1),(56,'0248CA-000283-004','0254CAP19',1),(57,'0248CA-000283-004','0264CAP18',1),(58,'0248CA-000283-004','0264CAP20',1),(59,'0248CA-000283-004','0264CAP22',1),(60,'0264CAP18','02140160007',1),(61,'0264CAP20','0214-304304',1),(62,'0264CAP22','0254CAP22',1),(63,'02480080003','02340080002',1),(64,'02480080006','02340080004',1),(65,'02480080001','02550080002',1),(66,'02480080001','0268CAM07',1),(67,'02480080001','0268CAM07-A',1),(68,'0268CAM07','0264CAP01-A',1),(69,'0268CAM07-A','0264CAP01-A',1),(70,'02480080004','02340080001',1),(71,'02480040001','0244D12417P01',1),(72,'02480040001','02450060001',1),(73,'0248D13195G01','0244D12417P01',1),(74,'0248D13195G01','0245D12426P01',1),(75,'0244D12417P01','0254D12417P01',1),(76,'0245D12426P01','0255D12426P01',1),(77,'02480050002','02640050005',1),(78,'02480050002','02640050006',1),(79,'02480050002','02640050007',1),(80,'02480050002','02640050008',1),(81,'02640050005','02540050010',1),(82,'02640050006','02540050011',1),(83,'02640050007','02540050012',1),(84,'02640050008','02540050013',1),(85,'02480050001','02540050002',1),(86,'02480050001','02640050002',1),(87,'02480050001','02640050003',1),(88,'02640050002','02540050001',1),(89,'0244D13317P01','0254D13317P01',1),(90,'0244D13434P01','0254D13434P01',1),(91,'0242D18493P01','0252D18493P01',1),(92,'02440050002','02540050008',1),(93,'02440050001','02540050007',1),(94,'0254D13317P01','2002',1),(95,'0254D13434P01','2002',1),(96,'0252D18493P01','2002',1),(97,'02540050008','2002',1),(98,'02540050007','2002',1),(99,'0243D31294P01','0253D31294P01',1),(100,'0243D33581P01','0253D33581P01',1),(101,'0244D31638P01','0254D31638P01',1),(102,'0253D31294P01','2002',1),(103,'0253D33581P01','2002',1),(104,'0254D31638P01','2002',1),(105,'02480040004','0255D31989P03',1),(106,'02480040004','02580850006',1),(107,'02480040004','02650040001',1),(108,'02480040004','0268D33513G02',1),(109,'02480040004','0268D33876G02',1),(110,'02480040004','0268D33877G02',1),(111,'02480040005','0255D31989P03',1),(112,'02480040005','02580850008',1),(113,'02480040005','02650040002',1),(114,'02480040005','0268D33513G02',1),(115,'02480040005','0268D33876G01',1),(116,'02480040005','0268D33877G01',1),(117,'02480040006','0255D31989P03',1),(118,'02480040006','02580850011',1),(119,'02480040006','02650040001',1),(120,'02480040006','0268D33513G02',1),(121,'02480040006','0268D33876G02',1),(122,'02480040006','0268D33877G02',1),(123,'02480040007','0255D31989P03',1),(124,'02480040007','02580850014',1),(125,'02480040007','02650040002',1),(126,'02480040007','0268D33513G02',1),(127,'02480040007','0268D33876G01',1),(128,'02480040007','0268D33877G01',1),(129,'0255D31989P03','0215-D31989P01',1),(130,'02580850006','0255D31989P02',1),(131,'02580850006','0255D33402P02-1',1),(132,'02580850006','0255D33403P02-1',1),(133,'02580850006','0264D30431P02',1),(134,'02580850006','02680850013',1),(135,'02580850006','0268D30433G04',1),(136,'02580850008','0255D31989P02',1),(137,'02580850008','0255D33402P02-1',1),(138,'02580850008','0255D33403P02-1',1),(139,'02580850008','0264D30431P04',1),(140,'02580850008','02680850016',1),(141,'02580850008','0268D30433G03',1),(142,'02580850011','0255D31989P02',1),(143,'02580850011','0255D33402P02-1',1),(144,'02580850011','0255D33403P02-1',1),(145,'02580850011','0264D30431P04',1),(146,'02580850011','02680850019',1),(147,'02580850011','0268D30433G04',1),(148,'02580850014','0255D31989P02',1),(149,'02580850014','0255D33402P02-1',1),(150,'02580850014','0255D33403P02-1',1),(151,'02580850014','0264D30431P02',1),(152,'02580850014','0268D30433G03',1),(153,'02580850014','2680850023',1),(154,'02650040001','02550040001',1),(155,'02650040002','02550040002',1),(156,'0268D33513G02','0255D32559P01',1),(157,'0268D33876G01','0264D30420P01',1),(158,'0268D33876G01','0264D30426P01',1),(159,'0268D33876G01','0264D31267P01',1),(160,'0268D33876G02','0264D30420P02-A',1),(161,'0268D33876G02','0264D30426P01',1),(162,'0268D33876G02','0264D31267P02-A',1),(163,'0268D33877G01','0264D30420P01',1),(164,'0268D33877G01','0264D30422P01',1),(165,'0268D33877G01','0264D31267P01',1),(166,'0268D33877G02','0264D30420P02-A',1),(167,'0268D33877G02','0264D30422P01',1),(168,'0268D33877G02','0264D31267P02-A',1);
/*!40000 ALTER TABLE `intaiweb_productlink` ENABLE KEYS */;
UNLOCK TABLES;

--
-- Table structure for table `intaiweb_runningtables`
--

DROP TABLE IF EXISTS `intaiweb_runningtables`;
/*!40101 SET @saved_cs_client     = @@character_set_client */;
/*!50503 SET character_set_client = utf8mb4 */;
CREATE TABLE `intaiweb_runningtables` (
  `id` int NOT NULL AUTO_INCREMENT,
  `TypeID` varchar(32) NOT NULL,
  `ProductID` varchar(32) NOT NULL,
  `ProcessIndex` int NOT NULL,
  `ProcessID` varchar(32) NOT NULL,
  `WipCount` double NOT NULL,
  `TargetCount` double NOT NULL,
  `SumCount` double NOT NULL,
  PRIMARY KEY (`id`)
) ENGINE=InnoDB AUTO_INCREMENT=10902 DEFAULT CHARSET=utf8mb4 COLLATE=utf8mb4_0900_ai_ci;
/*!40101 SET character_set_client = @saved_cs_client */;

--
-- Dumping data for table `intaiweb_runningtables`
--

LOCK TABLES `intaiweb_runningtables` WRITE;
/*!40000 ALTER TABLE `intaiweb_runningtables` DISABLE KEYS */;
INSERT INTO `intaiweb_runningtables` VALUES (9911,'2DMP04','02340080001',0,'2002',0,2132,0),(9912,'2DMP03','02340080002',0,'2002',0,0,0),(9913,'2DMP01','02340080003',0,'2002',0,0,0),(9914,'2DMP02','02340080004',0,'2002',0,0,0),(9915,'2ETC02','0242D14089P01',0,'2001',-1484,0,0),(9916,'2ETC02','0242D14089P01',1,'P029',-1484,0,0),(9917,'2ETC02','0242D14089P01',2,'P186',-1484,0,0),(9918,'2ETC02','0242D14089P01',3,'P021',-1274,210,0),(9919,'2ETC02','0242D14089P01',4,'P124',-1274,0,0),(9920,'2ETC02','0242D14089P01',5,'P055',-1274,0,0),(9921,'2ETC02','0242D14089P01',6,'2002',-1274,0,0),(9922,'2ETC02','0242D14089P02',0,'2001',11549,16054,0),(9923,'2ETC02','0242D14089P02',1,'P029',11549,0,0),(9924,'2ETC02','0242D14089P02',2,'P186',15483,3934,0),(9925,'2ETC02','0242D14089P02',3,'P021',15483,0,0),(9926,'2ETC02','0242D14089P02',4,'P124',15483,0,0),(9927,'2ETC02','0242D14089P02',5,'P055',15483,0,0),(9928,'2ETC02','0242D14089P02',6,'2002',15483,0,0),(9929,'2ETC02','0242D14215P01',0,'2001',-22317,167,0),(9930,'2ETC02','0242D14215P01',1,'P029',-22317,0,0),(9931,'2ETC02','0242D14215P01',2,'P186',-22317,0,0),(9932,'2ETC02','0242D14215P01',3,'P021',-22317,0,0),(9933,'2ETC02','0242D14215P01',4,'P124',-22317,0,0),(9934,'2ETC02','0242D14215P01',5,'P055',-22317,0,0),(9935,'2ETC02','0242D14215P01',6,'2002',-22317,0,0),(9936,'2ETC02','0242D14215P02',0,'2001',5879,6540,0),(9937,'2ETC02','0242D14215P02',1,'P029',5879,0,0),(9938,'2ETC02','0242D14215P02',2,'P186',5879,0,0),(9939,'2ETC02','0242D14215P02',3,'P021',5879,0,0),(9940,'2ETC02','0242D14215P02',4,'P124',5879,0,0),(9941,'2ETC02','0242D14215P02',5,'P055',5879,0,0),(9942,'2ETC02','0242D14215P02',6,'2002',5879,0,0),(9943,'2ETC02','0242D14215P03',0,'2001',42052,2562,0),(9944,'2ETC02','0242D14215P03',1,'P029',42052,0,0),(9945,'2ETC02','0242D14215P03',2,'P186',42052,0,0),(9946,'2ETC02','0242D14215P03',3,'P021',46052,4000,0),(9947,'2ETC02','0242D14215P03',4,'P124',50052,4000,0),(9948,'2ETC02','0242D14215P03',5,'P055',50052,0,0),(9949,'2ETC02','0242D14215P03',6,'2002',50052,0,0),(9950,'2ETC02','0242D14215P04',0,'2001',6572,6831,0),(9951,'2ETC02','0242D14215P04',1,'P029',6572,0,0),(9952,'2ETC02','0242D14215P04',2,'P186',6572,0,0),(9953,'2ETC02','0242D14215P04',3,'P021',6572,0,0),(9954,'2ETC02','0242D14215P04',4,'P124',6572,0,0),(9955,'2ETC02','0242D14215P04',5,'P055',6572,0,0),(9956,'2ETC02','0242D14215P04',6,'2002',6572,0,0),(9957,'2ETC07_01','0242D18493P01',0,'3001',98383,98493,0),(9958,'2ETC07_01','0242D18493P01',1,'P081',278383,180000,0),(9959,'2ETC07_01','0242D18493P01',2,'P082',278383,0,0),(9960,'2ETC07_01','0242D18493P01',3,'P071',278383,0,0),(9961,'接觸彈片_2ETC10_01','0243D31294P01',0,'3001',3910,4020,0),(9962,'接觸彈片_2ETC10_01','0243D31294P01',1,'P081',3910,0,0),(9963,'接觸彈片_2ETC10_01','0243D31294P01',2,'P196',3910,0,0),(9964,'接觸彈片_2ETC10_01','0243D31294P01',3,'P082',3910,0,0),(9965,'接觸彈片_2ETC10_01','0243D33581P01',0,'3001',1795,1905,0),(9966,'接觸彈片_2ETC10_01','0243D33581P01',1,'P081',1795,0,0),(9967,'接觸彈片_2ETC10_01','0243D33581P01',2,'P196',1795,0,0),(9968,'接觸彈片_2ETC10_01','0243D33581P01',3,'P082',1795,0,0),(9969,'2ETC21_03','02440050001',0,'3001',2883,2993,0),(9970,'2ETC21_03','02440050001',1,'P081',2883,0,0),(9971,'2ETC21_03','02440050001',2,'P196',15382,12499,0),(9972,'2ETC21_03','02440050001',3,'P069',15382,0,0),(9973,'2ETC21_03','02440050001',4,'P053-Q',15382,0,0),(9974,'2ETC21_03','02440050001',5,'P053',15382,0,0),(9975,'2ETC21_03','02440050001',6,'P082',15382,0,0),(9976,'2ETC21_04','02440050002',0,'3001',8110,8220,0),(9977,'2ETC21_04','02440050002',1,'P081',8110,0,0),(9978,'2ETC21_04','02440050002',2,'P196',102260,94150,0),(9979,'2ETC21_04','02440050002',3,'P082',102260,0,0),(9980,'2ETC14_外管','02440080001',0,'3001',22,132,0),(9981,'2ETC14_外管','02440080001',1,'P081',22,0,0),(9982,'2ETC14_外管','02440080001',2,'P196',22,0,0),(9983,'2ETC14_外管','02440080001',3,'P082',22,0,0),(9984,'2ETC14_外管','02440080001',4,'P188',22,0,0),(9985,'2ETC14_外管','02440080001',5,'P101-Q',22,0,0),(9986,'2ETC14_外管','02440080001',6,'LS02',22,0,0),(9987,'2ETC14_外管','02440080001',7,'P101',22,0,0),(9988,'2ETC14_外管','02440080001',8,'P053-Q',22,0,0),(9989,'2ETC14_外管','02440080001',9,'P069',22,0,0),(9990,'2ETC14_外管','02440080001',10,'P053',22,0,0),(9991,'2ETC14_外管','02440080001',11,'P124-Q',22,0,0),(9992,'2ETC14_外管','02440080001',12,'P124',22,0,0),(9993,'2ETC14_外管','02440080001',13,'P186',22,0,0),(9994,'2ETC14_外管','02440080001',14,'P071',22,0,0),(9995,'2ETC14_外管','02440080001',15,'LS03',22,0,0),(9996,'2ETC14_外管','02440080001',16,'P055',22,0,0),(9997,'2ETC14_外管','02440080002',0,'3001',8703,8813,0),(9998,'2ETC14_外管','02440080002',1,'P081',8703,0,0),(9999,'2ETC14_外管','02440080002',2,'P196',8703,0,0),(10000,'2ETC14_外管','02440080002',3,'P082',8703,0,0),(10001,'2ETC14_外管','02440080002',4,'P188',9092,389,0),(10002,'2ETC14_外管','02440080002',5,'P101-Q',9092,0,0),(10003,'2ETC14_外管','02440080002',6,'LS02',9092,0,0),(10004,'2ETC14_外管','02440080002',7,'P101',11806,2714,0),(10005,'2ETC14_外管','02440080002',8,'P053-Q',11806,0,0),(10006,'2ETC14_外管','02440080002',9,'P069',11806,0,0),(10007,'2ETC14_外管','02440080002',10,'P053',14078,2272,0),(10008,'2ETC14_外管','02440080002',11,'P124-Q',14078,0,0),(10009,'2ETC14_外管','02440080002',12,'P124',15596,1518,0),(10010,'2ETC14_外管','02440080002',13,'P186',15596,0,0),(10011,'2ETC14_外管','02440080002',14,'P071',16781,1185,0),(10012,'2ETC14_外管','02440080002',15,'LS03',30610,13829,0),(10013,'2ETC14_外管','02440080002',16,'P055',30610,0,0),(10014,'2ETC14_外管','02440080003',0,'3001',-110,0,0),(10015,'2ETC14_外管','02440080003',1,'P081',-110,0,0),(10016,'2ETC14_外管','02440080003',2,'P196',-110,0,0),(10017,'2ETC14_外管','02440080003',3,'P082',-110,0,0),(10018,'2ETC14_外管','02440080003',4,'P188',-110,0,0),(10019,'2ETC14_外管','02440080003',5,'P101-Q',-110,0,0),(10020,'2ETC14_外管','02440080003',6,'LS02',1481,1591,0),(10021,'2ETC14_外管','02440080003',7,'P101',1481,0,0),(10022,'2ETC14_外管','02440080003',8,'P053-Q',1481,0,0),(10023,'2ETC14_外管','02440080003',9,'P069',1481,0,0),(10024,'2ETC14_外管','02440080003',10,'P053',1839,358,0),(10025,'2ETC14_外管','02440080003',11,'P124-Q',1839,0,0),(10026,'2ETC14_外管','02440080003',12,'P124',2232,393,0),(10027,'2ETC14_外管','02440080003',13,'P186',2232,0,0),(10028,'2ETC14_外管','02440080003',14,'P071',15273,13041,0),(10029,'2ETC14_外管','02440080003',15,'LS03',15273,0,0),(10030,'2ETC14_外管','02440080003',16,'P055',15275,2,0),(10031,'2ETC14_外管','02440080004',0,'3001',-110,0,0),(10032,'2ETC14_外管','02440080004',1,'P081',-110,0,0),(10033,'2ETC14_外管','02440080004',2,'P196',-110,0,0),(10034,'2ETC14_外管','02440080004',3,'P082',-110,0,0),(10035,'2ETC14_外管','02440080004',4,'P188',-110,0,0),(10036,'2ETC14_外管','02440080004',5,'P101-Q',-110,0,0),(10037,'2ETC14_外管','02440080004',6,'LS02',-110,0,0),(10038,'2ETC14_外管','02440080004',7,'P101',-110,0,0),(10039,'2ETC14_外管','02440080004',8,'P053-Q',-110,0,0),(10040,'2ETC14_外管','02440080004',9,'P069',-110,0,0),(10041,'2ETC14_外管','02440080004',10,'P053',-110,0,0),(10042,'2ETC14_外管','02440080004',11,'P124-Q',-110,0,0),(10043,'2ETC14_外管','02440080004',12,'P124',-110,0,0),(10044,'2ETC14_外管','02440080004',13,'P186',-110,0,0),(10045,'2ETC14_外管','02440080004',14,'P071',-110,0,0),(10046,'2ETC14_外管','02440080004',15,'LS03',-110,0,0),(10047,'2ETC14_外管','02440080004',16,'P055',-110,0,0),(10048,'2ETC14_外管','02440080005',0,'3001',-110,0,0),(10049,'2ETC14_外管','02440080005',1,'P081',-110,0,0),(10050,'2ETC14_外管','02440080005',2,'P196',-110,0,0),(10051,'2ETC14_外管','02440080005',3,'P082',-110,0,0),(10052,'2ETC14_外管','02440080005',4,'P188',-110,0,0),(10053,'2ETC14_外管','02440080005',5,'P101-Q',-110,0,0),(10054,'2ETC14_外管','02440080005',6,'LS02',-110,0,0),(10055,'2ETC14_外管','02440080005',7,'P101',-110,0,0),(10056,'2ETC14_外管','02440080005',8,'P053-Q',-110,0,0),(10057,'2ETC14_外管','02440080005',9,'P069',-110,0,0),(10058,'2ETC14_外管','02440080005',10,'P053',-110,0,0),(10059,'2ETC14_外管','02440080005',11,'P124-Q',-110,0,0),(10060,'2ETC14_外管','02440080005',12,'P124',-110,0,0),(10061,'2ETC14_外管','02440080005',13,'P186',-110,0,0),(10062,'2ETC14_外管','02440080005',14,'P071',-110,0,0),(10063,'2ETC14_外管','02440080005',15,'LS03',-110,0,0),(10064,'2ETC14_外管','02440080005',16,'P055',-110,0,0),(10065,'2ETC07','02440080006',0,'3001',-110,0,0),(10066,'2ETC07','02440080006',1,'P081',-110,0,0),(10067,'2ETC07','02440080006',2,'P196',-110,0,0),(10068,'2ETC07','02440080006',3,'P021',-110,0,0),(10069,'2ETC07','02440080006',4,'P082',-110,0,0),(10070,'2ETC07','02440080006',5,'P124-Q',-110,0,0),(10071,'2ETC07','02440080006',6,'P124',-110,0,0),(10072,'2ETC07','02440080006',7,'P078',-110,0,0),(10073,'2ETC07','02440080006',8,'P186',-110,0,0),(10074,'2ETC07','02440080006',9,'M007',-110,0,0),(10075,'2ETC07','02440080006',10,'P055',-110,0,0),(10076,'2ETC07','02440080006',11,'P123-Q',-110,0,0),(10077,'2ETC07','02440080006',12,'P123',-110,0,0),(10078,'2ETC07','02440080006',13,'P046-Q',-110,0,0),(10079,'2ETC07','02440080006',14,'P046',-110,0,0),(10080,'2ETC07','02440080006',15,'M001',-110,0,0),(10081,'2ETC07','02440080006',16,'P159-Q',-110,0,0),(10082,'2ETC07','02440080006',17,'P159',-110,0,0),(10083,'2ETC07','02440080007',0,'3001',51982,52105,0),(10084,'2ETC07','02440080007',1,'P081',53117,1135,0),(10085,'2ETC07','02440080007',2,'P196',53414,297,0),(10086,'2ETC07','02440080007',3,'P021',55147,1733,0),(10087,'2ETC07','02440080007',4,'P082',57913,2766,0),(10088,'2ETC07','02440080007',5,'P124-Q',58063,150,0),(10089,'2ETC07','02440080007',6,'P124',61493,3430,0),(10090,'2ETC07','02440080007',7,'P078',64479,2986,0),(10091,'2ETC07','02440080007',8,'P186',64479,0,0),(10092,'2ETC07','02440080007',9,'M007',64479,0,0),(10093,'2ETC07','02440080007',10,'P055',72205,7726,0),(10094,'2ETC07','02440080007',11,'P123-Q',72205,0,0),(10095,'2ETC07','02440080007',12,'P123',72205,0,0),(10096,'2ETC07','02440080007',13,'P046-Q',72205,0,0),(10097,'2ETC07','02440080007',14,'P046',72205,0,0),(10098,'2ETC07','02440080007',15,'M001',72205,0,0),(10099,'2ETC07','02440080007',16,'P159-Q',72353,148,0),(10100,'2ETC07','02440080007',17,'P159',73551,1198,0),(10101,'2ETC07','02440080008',0,'3001',986,1106,0),(10102,'2ETC07','02440080008',1,'P081',986,0,0),(10103,'2ETC07','02440080008',2,'P196',986,0,0),(10104,'2ETC07','02440080008',3,'P021',986,0,0),(10105,'2ETC07','02440080008',4,'P082',1817,831,0),(10106,'2ETC07','02440080008',5,'P124-Q',1817,0,0),(10107,'2ETC07','02440080008',6,'P124',1817,0,0),(10108,'2ETC07','02440080008',7,'P078',1817,0,0),(10109,'2ETC07','02440080008',8,'P186',1817,0,0),(10110,'2ETC07','02440080008',9,'M007',1817,0,0),(10111,'2ETC07','02440080008',10,'P055',2281,464,0),(10112,'2ETC07','02440080008',11,'P123-Q',2281,0,0),(10113,'2ETC07','02440080008',12,'P123',2281,0,0),(10114,'2ETC07','02440080008',13,'P046-Q',2281,0,0),(10115,'2ETC07','02440080008',14,'P046',2281,0,0),(10116,'2ETC07','02440080008',15,'M001',2281,0,0),(10117,'2ETC07','02440080008',16,'P159-Q',2418,137,0),(10118,'2ETC07','02440080008',17,'P159',2562,144,0),(10119,'2ETC21_01','02440080010',0,'3001',16446,16556,0),(10120,'2ETC21_01','02440080010',1,'P081',16446,0,0),(10121,'2ETC21_01','02440080010',2,'P196',18446,2000,0),(10122,'2ETC21_01','02440080010',3,'P149-Q',18446,0,0),(10123,'2ETC21_01','02440080010',4,'P149',19446,1000,0),(10124,'2ETC21_01','02440080010',5,'P082',22446,3000,0),(10125,'2ETC21_01','02440080010',6,'P124-Q',22446,0,0),(10126,'2ETC21_01','02440080010',7,'P124',29754,7308,0),(10127,'2ETC21_01','02440080010',8,'P069',29754,0,0),(10128,'2ETC21_01','02440080010',9,'P186',29754,0,0),(10129,'2ETC21_01','02440080010',10,'P105-Q',29754,0,0),(10130,'2ETC21_01','02440080010',11,'P105',29754,0,0),(10131,'2ETC21_01','02440080010',12,'P128-Q',29754,0,0),(10132,'2ETC21_01','02440080010',13,'P128',36740,6986,0),(10133,'2ETC21_01','02440080010',14,'P055',45033,8293,0),(10134,'2ETC21_01','02440080010',15,'P108',47999,2966,0),(10135,'2ETC21_01','02440080010',16,'P159-Q',47999,0,0),(10136,'2ETC21_01','02440080010',17,'P159',50990,2991,0),(10137,'2ETC21','02440080011',0,'3001',4433,4543,0),(10138,'2ETC21','02440080011',1,'P081',4433,0,0),(10139,'2ETC21','02440080011',2,'P196',4530,97,0),(10140,'2ETC21','02440080011',3,'P021',4826,296,0),(10141,'2ETC21','02440080011',4,'P149-Q',4826,0,0),(10142,'2ETC21','02440080011',5,'P149',5880,1054,0),(10143,'2ETC21','02440080011',6,'P082',6078,198,0),(10144,'2ETC21','02440080011',7,'P124-Q',6078,0,0),(10145,'2ETC21','02440080011',8,'P124',6078,0,0),(10146,'2ETC21','02440080011',9,'P078',7252,1174,0),(10147,'2ETC21','02440080011',10,'P055',8287,1035,0),(10148,'2ETC21','02440080011',11,'P159-Q',8287,0,0),(10149,'2ETC21','02440080011',12,'P159',8484,197,0),(10150,'2ETC21','02440080012',0,'3001',4250,4360,0),(10151,'2ETC21','02440080012',1,'P081',4536,286,0),(10152,'2ETC21','02440080012',2,'P196',4817,281,0),(10153,'2ETC21','02440080012',3,'P021',4817,0,0),(10154,'2ETC21','02440080012',4,'P149-Q',4817,0,0),(10155,'2ETC21','02440080012',5,'P149',4817,0,0),(10156,'2ETC21','02440080012',6,'P082',5468,651,0),(10157,'2ETC21','02440080012',7,'P124-Q',5468,0,0),(10158,'2ETC21','02440080012',8,'P124',5623,155,0),(10159,'2ETC21','02440080012',9,'P078',7245,1622,0),(10160,'2ETC21','02440080012',10,'P055',8331,1086,0),(10161,'2ETC21','02440080012',11,'P159-Q',8331,0,0),(10162,'2ETC21','02440080012',12,'P159',8603,272,0),(10163,'2ETC21','02440080013',0,'3001',5332,5442,0),(10164,'2ETC21','02440080013',1,'P081',5332,0,0),(10165,'2ETC21','02440080013',2,'P196',5332,0,0),(10166,'2ETC21','02440080013',3,'P021',5508,176,0),(10167,'2ETC21','02440080013',4,'P149-Q',5508,0,0),(10168,'2ETC21','02440080013',5,'P149',5950,442,0),(10169,'2ETC21','02440080013',6,'P082',6391,441,0),(10170,'2ETC21','02440080013',7,'P124-Q',6391,0,0),(10171,'2ETC21','02440080013',8,'P124',6391,0,0),(10172,'2ETC21','02440080013',9,'P078',7711,1320,0),(10173,'2ETC21','02440080013',10,'P055',8823,1112,0),(10174,'2ETC21','02440080013',11,'P159-Q',8823,0,0),(10175,'2ETC21','02440080013',12,'P159',9122,299,0),(10176,'2ETC02','0244D02138P03',0,'2001',6674,12663,0),(10177,'2ETC02','0244D02138P03',1,'P187',6674,0,0),(10178,'2ETC02','0244D02138P03',2,'P029',6674,0,0),(10179,'2ETC02','0244D02138P03',3,'P186',6674,0,0),(10180,'2ETC02','0244D02138P03',4,'P050-Q',6674,0,0),(10181,'2ETC02','0244D02138P03',5,'P050',30430,23756,0),(10182,'2ETC02','0244D02138P03',6,'P055',41977,11547,0),(10183,'2ETC02','0244D02138P03',7,'GR01',77495,35518,0),(10184,'2ETC02','0244D02138P03',8,'P108',77495,0,0),(10185,'2ETC02','0244D02138P03',9,'P128-Q',77495,0,0),(10186,'2ETC02','0244D02138P03',10,'P128',77495,0,0),(10187,'2ETC02','0244D02138P03',11,'P191',77495,0,0),(10188,'2ETC02','0244D02138P03',12,'P071',77495,0,0),(10189,'2ETC02','0244D02138P03',13,'P055',77495,0,0),(10190,'2ETC02','0244D02138P03',14,'2002',77495,0,0),(10191,'2ETC02','0244D02327P02',0,'2001',37775,2305,0),(10192,'2ETC02','0244D02327P02',1,'P187',43657,5882,0),(10193,'2ETC02','0244D02327P02',2,'P029',49528,5871,0),(10194,'2ETC02','0244D02327P02',3,'P186',55501,5973,0),(10195,'2ETC02','0244D02327P02',4,'P050-Q',55501,0,0),(10196,'2ETC02','0244D02327P02',5,'P050',57404,1903,0),(10197,'2ETC02','0244D02327P02',6,'P055',57404,0,0),(10198,'2ETC02','0244D02327P02',7,'GR01',57404,0,0),(10199,'2ETC02','0244D02327P02',8,'P108',57404,0,0),(10200,'2ETC02','0244D02327P02',9,'P128-Q',57404,0,0),(10201,'2ETC02','0244D02327P02',10,'P128',57404,0,0),(10202,'2ETC02','0244D02327P02',11,'P191',57404,0,0),(10203,'2ETC02','0244D02327P02',12,'P071',57404,0,0),(10204,'2ETC02','0244D02327P02',13,'P055',57404,0,0),(10205,'2ETC02','0244D02327P02',14,'2002',57404,0,0),(10206,'2ETC02','0244D02837P02',0,'2001',-18153,1231,0),(10207,'2ETC02','0244D02837P02',1,'P187',-18153,0,0),(10208,'2ETC02','0244D02837P02',2,'P029',-18153,0,0),(10209,'2ETC02','0244D02837P02',3,'P186',-18153,0,0),(10210,'2ETC02','0244D02837P02',4,'P050-Q',-18153,0,0),(10211,'2ETC02','0244D02837P02',5,'P050',5030,23183,0),(10212,'2ETC02','0244D02837P02',6,'P055',5030,0,0),(10213,'2ETC02','0244D02837P02',7,'GR01',5030,0,0),(10214,'2ETC02','0244D02837P02',8,'P108',5030,0,0),(10215,'2ETC02','0244D02837P02',9,'P128-Q',5030,0,0),(10216,'2ETC02','0244D02837P02',10,'P128',5030,0,0),(10217,'2ETC02','0244D02837P02',11,'P191',5030,0,0),(10218,'2ETC02','0244D02837P02',12,'P071',5030,0,0),(10219,'2ETC02','0244D02837P02',13,'P055',5030,0,0),(10220,'2ETC02','0244D02837P02',14,'2002',5030,0,0),(10221,'2ETC15','0244D12417P01',0,'P196',0,1082,0),(10222,'2ETC15','0244D12417P01',1,'P082',0,1044,0),(10223,'2ETC15','0244D12417P01',2,'P050-Q',0,0,0),(10224,'2ETC15','0244D12417P01',3,'P050',0,10390,0),(10225,'2ETC15','0244D12417P01',4,'GR01',0,14768,0),(10226,'2ETC15','0244D12417P01',5,'P069',0,0,0),(10227,'2ETC15','0244D12417P01',6,'P187',0,550,0),(10228,'2ETC15','0244D12417P01',7,'P189',0,550,0),(10229,'2ETC15','0244D12417P01',8,'P105-Q',0,0,0),(10230,'2ETC15','0244D12417P01',9,'P105',0,530,0),(10231,'2ETC15','0244D12417P01',10,'P127-Q',0,0,0),(10232,'2ETC15','0244D12417P01',11,'P127',0,0,0),(10233,'2ETC15','0244D12417P01',12,'P188',0,0,0),(10234,'2ETC15','0244D12417P01',13,'P128',0,6600,0),(10235,'2ETC15','0244D12417P01',14,'P186',0,0,0),(10236,'2ETC15','0244D12417P01',15,'P071',0,0,0),(10237,'2ETC15','0244D12417P01',16,'P108',0,0,0),(10238,'2ETC15','0244D12417P01',17,'P055',0,0,0),(10239,'2ETC15','0244D12417P01',18,'2002',0,0,0),(10240,'2ETC05','0244D13313P01',0,'3001',36237,36349,0),(10241,'2ETC05','0244D13313P01',1,'P081',41126,4889,0),(10242,'2ETC05','0244D13313P01',2,'P196',41126,0,0),(10243,'2ETC05','0244D13313P01',3,'P029',46950,5824,0),(10244,'2ETC05','0244D13313P01',4,'P193',46950,0,0),(10245,'2ETC05','0244D13313P01',5,'P021-Q',46950,0,0),(10246,'2ETC05','0244D13313P01',6,'P021',46950,0,0),(10247,'2ETC05','0244D13313P01',7,'P082',55633,8683,0),(10248,'2ETC05','0244D13313P01',8,'P188',58633,3000,0),(10249,'2ETC05','0244D13313P01',9,'P108',58633,0,0),(10250,'2ETC05','0244D13313P01',10,'P105-Q',58633,0,0),(10251,'2ETC05','0244D13313P01',11,'P105',61613,2980,0),(10252,'2ETC05','0244D13313P01',12,'P128-Q',70955,9342,0),(10253,'2ETC05','0244D13313P01',13,'P128',70955,0,0),(10254,'2ETC05','0244D13313P01',14,'P055',71045,90,0),(10255,'2ETC05','0244D13313P01',15,'P132',71045,0,0),(10256,'2ETC05_01','0244D13317P01',0,'3001',10862,10972,0),(10257,'2ETC05_01','0244D13317P01',1,'P081',10862,0,0),(10258,'2ETC05_01','0244D13317P01',2,'P196',10862,0,0),(10259,'2ETC05_01','0244D13317P01',3,'P082',10862,0,0),(10260,'2ETC05','0244D13430P03',0,'3001',48681,48793,0),(10261,'2ETC05','0244D13430P03',1,'P081',57424,8743,0),(10262,'2ETC05','0244D13430P03',2,'P196',63086,5662,0),(10263,'2ETC05','0244D13430P03',3,'P029',69086,6000,0),(10264,'2ETC05','0244D13430P03',4,'P193',69086,0,0),(10265,'2ETC05','0244D13430P03',5,'P021-Q',69086,0,0),(10266,'2ETC05','0244D13430P03',6,'P021',71954,2868,0),(10267,'2ETC05','0244D13430P03',7,'P082',77954,6000,0),(10268,'2ETC05','0244D13430P03',8,'P188',90007,12053,0),(10269,'2ETC05','0244D13430P03',9,'P108',90007,0,0),(10270,'2ETC05','0244D13430P03',10,'P105-Q',90007,0,0),(10271,'2ETC05','0244D13430P03',11,'P105',90007,0,0),(10272,'2ETC05','0244D13430P03',12,'P128-Q',101986,11979,0),(10273,'2ETC05','0244D13430P03',13,'P128',101986,0,0),(10274,'2ETC05','0244D13430P03',14,'P055',102027,41,0),(10275,'2ETC05','0244D13430P03',15,'P132',102027,0,0),(10276,'2ETC05_01','0244D13434P01',0,'3001',27485,27595,0),(10277,'2ETC05_01','0244D13434P01',1,'P081',27485,0,0),(10278,'2ETC05_01','0244D13434P01',2,'P196',27485,0,0),(10279,'2ETC05_01','0244D13434P01',3,'P082',27485,0,0),(10280,'2ETC05','0244D13562P01',0,'3001',4987,5108,0),(10281,'2ETC05','0244D13562P01',1,'P081',4987,0,0),(10282,'2ETC05','0244D13562P01',2,'P196',4987,0,0),(10283,'2ETC05','0244D13562P01',3,'P029',4987,0,0),(10284,'2ETC05','0244D13562P01',4,'P193',4987,0,0),(10285,'2ETC05','0244D13562P01',5,'P021-Q',4987,0,0),(10286,'2ETC05','0244D13562P01',6,'P021',4987,0,0),(10287,'2ETC05','0244D13562P01',7,'P082',4987,0,0),(10288,'2ETC05','0244D13562P01',8,'P188',7967,2980,0),(10289,'2ETC05','0244D13562P01',9,'P108',7967,0,0),(10290,'2ETC05','0244D13562P01',10,'P105-Q',7967,0,0),(10291,'2ETC05','0244D13562P01',11,'P105',7967,0,0),(10292,'2ETC05','0244D13562P01',12,'P128-Q',7967,0,0),(10293,'2ETC05','0244D13562P01',13,'P128',7967,0,0),(10294,'2ETC05','0244D13562P01',14,'P055',7967,0,0),(10295,'2ETC05','0244D13562P01',15,'P132',7967,0,0),(10296,'接觸彈片_2ETC10_01','0244D31638P01',0,'3001',933,1043,0),(10297,'接觸彈片_2ETC10_01','0244D31638P01',1,'P081',933,0,0),(10298,'接觸彈片_2ETC10_01','0244D31638P01',2,'P196',933,0,0),(10299,'接觸彈片_2ETC10_01','0244D31638P01',3,'P082',933,0,0),(10300,'2ETC15','02450060001',0,'2001',73200,51050,0),(10301,'2ETC15','02450060001',1,'P055',73200,0,0),(10302,'2ETC15','02450060001',2,'P091-Q',73200,0,0),(10303,'2ETC15','02450060001',3,'P091',73200,0,0),(10304,'2ETC15','0245D12426P01',0,'2001',12388,8000,0),(10305,'2ETC15','0245D12426P01',1,'P082',12388,0,0),(10306,'2ETC15','0245D12426P01',2,'2002',12388,0,0),(10307,'2ETC15','02480040001',0,'3001',21150,21260,0),(10308,'2ETC15','02480040001',1,'P081',21150,0,0),(10309,'2ETC15','02480040001',2,'P075',22150,1000,0),(10310,'2ETC10','02480040004',0,'3001',-87,23,0),(10311,'2ETC10','02480040004',1,'P081',-87,0,0),(10312,'2ETC10','02480040004',2,'P083',317,404,0),(10313,'2ETC10','02480040004',3,'P148',317,0,0),(10314,'2ETC10','02480040004',4,'P075',317,0,0),(10315,'2ETC10','02480040005',0,'3001',309,419,0),(10316,'2ETC10','02480040005',1,'P081',309,0,0),(10317,'2ETC10','02480040005',2,'P083',309,0,0),(10318,'2ETC10','02480040005',3,'P148',309,0,0),(10319,'2ETC10','02480040005',4,'P075',309,0,0),(10320,'2ETC10','02480040006',0,'3001',290,400,0),(10321,'2ETC10','02480040006',1,'P081',290,0,0),(10322,'2ETC10','02480040006',2,'P083',290,0,0),(10323,'2ETC10','02480040006',3,'P148',290,0,0),(10324,'2ETC10','02480040006',4,'P075',290,0,0),(10325,'2ETC10','02480040007',0,'3001',-87,23,0),(10326,'2ETC10','02480040007',1,'P081',-87,0,0),(10327,'2ETC10','02480040007',2,'P083',317,404,0),(10328,'2ETC10','02480040007',3,'P148',317,0,0),(10329,'2ETC10','02480040007',4,'P075',317,0,0),(10330,'2BWI04','02480050001',0,'3001',62653,62763,0),(10331,'2BWI04','02480050001',1,'P081',62653,0,0),(10332,'2BWI04','02480050001',2,'P196',63110,457,0),(10333,'2BWI04','02480050001',3,'P102-Q',63110,0,0),(10334,'2BWI04','02480050001',4,'P102',68360,5250,0),(10335,'2BWI04','02480050001',5,'P075',68710,350,0),(10336,'2ETC21_02','02480050002',0,'3001',8774,8884,0),(10337,'2ETC21_02','02480050002',1,'P081',12359,3585,0),(10338,'2ETC21_02','02480050002',2,'P196',15959,3600,0),(10339,'2ETC21_02','02480050002',3,'P197-Q',15959,0,0),(10340,'2ETC21_02','02480050002',4,'P197',15959,0,0),(10341,'2ETC21_02','02480050002',5,'P025-Q',16359,400,0),(10342,'2ETC21_02','02480050002',6,'P025',16359,0,0),(10343,'2ETC21_02','02480050002',7,'P148',17159,800,0),(10344,'2ETC21_02','02480050002',8,'P082',18959,1800,0),(10345,'2ETC21_02','02480050002',9,'P075-Q',18959,0,0),(10346,'2ETC21_02','02480050002',10,'P075',19759,800,0),(10347,'2DMP06','02480080001',0,'3001',1729,1839,0),(10348,'2DMP06','02480080001',1,'P081',1729,0,0),(10349,'2DMP06','02480080001',2,'P196',1729,0,0),(10350,'2DMP06','02480080001',3,'P075-Q',1729,0,0),(10351,'2DMP06','02480080001',4,'P083',1729,0,0),(10352,'2DMP06','02480080001',5,'P075',1729,0,0),(10353,'2DMP03','02480080003',0,'3001',4138,4248,0),(10354,'2DMP03','02480080003',1,'P081',4138,0,0),(10355,'2DMP03','02480080003',2,'P196',4138,0,0),(10356,'2DMP03','02480080003',3,'P091-Q',4138,0,0),(10357,'2DMP03','02480080003',4,'P091',4138,0,0),(10358,'2DMP03','02480080003',5,'P069',4138,0,0),(10359,'2DMP03','02480080003',6,'P082',4138,0,0),(10360,'2DMP03','02480080003',7,'P209',4138,0,0),(10361,'2DMP03','02480080003',8,'P071',4138,0,0),(10362,'2DMP03','02480080003',9,'P105-Q',4138,0,0),(10363,'2DMP03','02480080003',10,'P105',4138,0,0),(10364,'2DMP03','02480080003',11,'P055',4138,0,0),(10365,'2DMP04','02480080004',0,'3001',9381,9491,0),(10366,'2DMP04','02480080004',1,'P081',9381,0,0),(10367,'2DMP04','02480080004',2,'P196',12061,2680,0),(10368,'2DMP04','02480080004',3,'P091-Q',12061,0,0),(10369,'2DMP04','02480080004',4,'P091',13560,1499,0),(10370,'2DMP04','02480080004',5,'P069',13560,0,0),(10371,'2DMP04','02480080004',6,'P082',13560,0,0),(10372,'2DMP04','02480080004',7,'P209',13560,0,0),(10373,'2DMP04','02480080004',8,'P071',13560,0,0),(10374,'2DMP04','02480080004',9,'P105-Q',13560,0,0),(10375,'2DMP04','02480080004',10,'P105',13560,0,0),(10376,'2DMP04','02480080004',11,'P055',13560,0,0),(10377,'2DMP01','02480080005',0,'3001',3138,3248,0),(10378,'2DMP01','02480080005',1,'P081',3138,0,0),(10379,'2DMP01','02480080005',2,'P196',3138,0,0),(10380,'2DMP01','02480080005',3,'P091-Q',3138,0,0),(10381,'2DMP01','02480080005',4,'P091',13967,10829,0),(10382,'2DMP01','02480080005',5,'P069',13967,0,0),(10383,'2DMP01','02480080005',6,'P082',13967,0,0),(10384,'2DMP01','02480080005',7,'P071',13967,0,0),(10385,'2DMP01','02480080005',8,'P105-Q',13967,0,0),(10386,'2DMP01','02480080005',9,'P105',15767,1800,0),(10387,'2DMP01','02480080005',10,'P055',15767,0,0),(10388,'2DMP02','02480080006',0,'3001',84,194,0),(10389,'2DMP02','02480080006',1,'P081',84,0,0),(10390,'2DMP02','02480080006',2,'P196',84,0,0),(10391,'2DMP02','02480080006',3,'P091-Q',84,0,0),(10392,'2DMP02','02480080006',4,'P091',84,0,0),(10393,'2DMP02','02480080006',5,'P069',84,0,0),(10394,'2DMP02','02480080006',6,'P082',84,0,0),(10395,'2DMP02','02480080006',7,'P209',84,0,0),(10396,'2DMP02','02480080006',8,'P071',84,0,0),(10397,'2DMP02','02480080006',9,'P105-Q',84,0,0),(10398,'2DMP02','02480080006',10,'P105',84,0,0),(10399,'2DMP02','02480080006',11,'P055',84,0,0),(10400,'2ETC14_組件','02480090001',0,'3001',29,139,0),(10401,'2ETC14_組件','02480090001',1,'P081',29,0,0),(10402,'2ETC14_組件','02480090001',2,'P148-Q',29,0,0),(10403,'2ETC14_組件','02480090001',3,'P148',1443,1414,0),(10404,'2ETC14_組件','02480090001',4,'P196',3568,2125,0),(10405,'2ETC14_組件','02480090001',5,'P188',4983,1415,0),(10406,'2ETC14_組件','02480090001',6,'P069',4983,0,0),(10407,'2ETC14_組件','02480090001',7,'P082',4983,0,0),(10408,'2ETC14_組件','02480090001',8,'P053',4983,0,0),(10409,'2ETC14_組件','02480090001',9,'P071',6403,1420,0),(10410,'2ETC14_組件','02480090001',10,'P102-Q',6403,0,0),(10411,'2ETC14_組件','02480090001',11,'P102',6403,0,0),(10412,'2ETC14_組件','02480090002',0,'3001',10199,10311,0),(10413,'2ETC14_組件','02480090002',1,'P081',13710,3511,0),(10414,'2ETC14_組件','02480090002',2,'P148-Q',13710,0,0),(10415,'2ETC14_組件','02480090002',3,'P148',13710,0,0),(10416,'2ETC14_組件','02480090002',4,'P196',14420,710,0),(10417,'2ETC14_組件','02480090002',5,'P188',14420,0,0),(10418,'2ETC14_組件','02480090002',6,'P069',14420,0,0),(10419,'2ETC14_組件','02480090002',7,'P082',14420,0,0),(10420,'2ETC14_組件','02480090002',8,'P053',14420,0,0),(10421,'2ETC14_組件','02480090002',9,'P071',15125,705,0),(10422,'2ETC14_組件','02480090002',10,'P102-Q',15125,0,0),(10423,'2ETC14_組件','02480090002',11,'P102',15845,720,0),(10424,'2ETC14_組件','02480090003',0,'3001',318,428,0),(10425,'2ETC14_組件','02480090003',1,'P081',318,0,0),(10426,'2ETC14_組件','02480090003',2,'P148-Q',318,0,0),(10427,'2ETC14_組件','02480090003',3,'P148',318,0,0),(10428,'2ETC14_組件','02480090003',4,'P196',318,0,0),(10429,'2ETC14_組件','02480090003',5,'P188',318,0,0),(10430,'2ETC14_組件','02480090003',6,'P069',318,0,0),(10431,'2ETC14_組件','02480090003',7,'P082',318,0,0),(10432,'2ETC14_組件','02480090003',8,'P053',318,0,0),(10433,'2ETC14_組件','02480090003',9,'P071',318,0,0),(10434,'2ETC14_組件','02480090003',10,'P102-Q',318,0,0),(10435,'2ETC14_組件','02480090003',11,'P102',318,0,0),(10436,'2ETC14_組件','02480090004',0,'3001',-54,66,0),(10437,'2ETC14_組件','02480090004',1,'P081',-54,0,0),(10438,'2ETC14_組件','02480090004',2,'P148-Q',-54,0,0),(10439,'2ETC14_組件','02480090004',3,'P148',-54,0,0),(10440,'2ETC14_組件','02480090004',4,'P196',-54,0,0),(10441,'2ETC14_組件','02480090004',5,'P188',-54,0,0),(10442,'2ETC14_組件','02480090004',6,'P069',-54,0,0),(10443,'2ETC14_組件','02480090004',7,'P082',-54,0,0),(10444,'2ETC14_組件','02480090004',8,'P053',-54,0,0),(10445,'2ETC14_組件','02480090004',9,'P071',-54,0,0),(10446,'2ETC14_組件','02480090004',10,'P102-Q',-54,0,0),(10447,'2ETC14_組件','02480090004',11,'P102',-54,0,0),(10448,'2ETC14_組件','02480090005',0,'3001',209,319,0),(10449,'2ETC14_組件','02480090005',1,'P081',209,0,0),(10450,'2ETC14_組件','02480090005',2,'P148-Q',209,0,0),(10451,'2ETC14_組件','02480090005',3,'P148',209,0,0),(10452,'2ETC14_組件','02480090005',4,'P196',209,0,0),(10453,'2ETC14_組件','02480090005',5,'P188',209,0,0),(10454,'2ETC14_組件','02480090005',6,'P069',209,0,0),(10455,'2ETC14_組件','02480090005',7,'P082',209,0,0),(10456,'2ETC14_組件','02480090005',8,'P053',209,0,0),(10457,'2ETC14_組件','02480090005',9,'P071',209,0,0),(10458,'2ETC14_組件','02480090005',10,'P102-Q',209,0,0),(10459,'2ETC14_組件','02480090005',11,'P102',209,0,0),(10460,'2ETC14_組件','02480090006',0,'3001',-110,0,0),(10461,'2ETC14_組件','02480090006',1,'P081',-110,0,0),(10462,'2ETC14_組件','02480090006',2,'P148-Q',-110,0,0),(10463,'2ETC14_組件','02480090006',3,'P148',-110,0,0),(10464,'2ETC14_組件','02480090006',4,'P196',-110,0,0),(10465,'2ETC14_組件','02480090006',5,'P188',-110,0,0),(10466,'2ETC14_組件','02480090006',6,'P069',-110,0,0),(10467,'2ETC14_組件','02480090006',7,'P082',-110,0,0),(10468,'2ETC14_組件','02480090006',8,'P053',-110,0,0),(10469,'2ETC14_組件','02480090006',9,'P071',-110,0,0),(10470,'2ETC14_組件','02480090006',10,'P102-Q',-110,0,0),(10471,'2ETC14_組件','02480090006',11,'P102',-110,0,0),(10472,'2ETC14_組件','02480090007',0,'3001',-30,80,0),(10473,'2ETC14_組件','02480090007',1,'P081',-30,0,0),(10474,'2ETC14_組件','02480090007',2,'P148-Q',-30,0,0),(10475,'2ETC14_組件','02480090007',3,'P148',-30,0,0),(10476,'2ETC14_組件','02480090007',4,'P196',-30,0,0),(10477,'2ETC14_組件','02480090007',5,'P188',-30,0,0),(10478,'2ETC14_組件','02480090007',6,'P069',-30,0,0),(10479,'2ETC14_組件','02480090007',7,'P082',-30,0,0),(10480,'2ETC14_組件','02480090007',8,'P053',-30,0,0),(10481,'2ETC14_組件','02480090007',9,'P071',-30,0,0),(10482,'2ETC14_組件','02480090007',10,'P102-Q',-30,0,0),(10483,'2ETC14_組件','02480090007',11,'P102',-30,0,0),(10484,'2DMP05','0248CA-000283-004',0,'3001',59,59,0),(10485,'2DMP05','0248CA-000283-004',1,'P081',59,0,0),(10486,'2DMP05','0248CA-000283-004',2,'P196',59,0,0),(10487,'2DMP05','0248CA-000283-004',3,'P082',59,0,0),(10488,'2DMP05','0248CA-000283-004',4,'P071',59,0,0),(10489,'2DMP05','0248CA-000283-004',5,'LS02',4593,4534,0),(10490,'2DMP05','0248CA-000283-004',6,'P069',4593,0,0),(10491,'2DMP05','0248CA-000283-004',7,'P055',4593,0,0),(10492,'2DMP05','0248CA-000283-004',8,'P105-Q',4593,0,0),(10493,'2DMP05','0248CA-000283-004',9,'P105',4593,0,0),(10494,'2DMP05','0248CA-000283-004',10,'P102-Q',4593,0,0),(10495,'2DMP05','0248CA-000283-004',11,'P132',4593,0,0),(10496,'2DMP05','0248CA-000283-004',12,'P102',4593,0,0),(10497,'2ETC15','0248D13195G01',0,'3001',4388,4498,0),(10498,'2ETC15','0248D13195G01',1,'P081',4388,0,0),(10499,'2ETC15','0248D13195G01',2,'P075',4388,0,0),(10500,'2ETC02','0248D15242G01',0,'3001',-22484,66,0),(10501,'2ETC02','0248D15242G01',1,'P081',-22484,0,0),(10502,'2ETC02','0248D15242G01',2,'P196',-22484,0,0),(10503,'2ETC02','0248D15242G01',3,'P075-Q',-22484,0,0),(10504,'2ETC02','0248D15242G01',4,'P075',-22484,0,0),(10505,'2ETC02','0248D15242G02',0,'3001',-661,0,0),(10506,'2ETC02','0248D15242G02',1,'P081',-661,0,0),(10507,'2ETC02','0248D15242G02',2,'P196',-661,0,0),(10508,'2ETC02','0248D15242G02',3,'P075-Q',-661,0,0),(10509,'2ETC02','0248D15242G02',4,'P075',-661,0,0),(10510,'2ETC02','0248D15242G03',0,'3001',4020,10290,0),(10511,'2ETC02','0248D15242G03',1,'P081',4020,0,0),(10512,'2ETC02','0248D15242G03',2,'P196',4020,0,0),(10513,'2ETC02','0248D15242G03',3,'P075-Q',4020,0,0),(10514,'2ETC02','0248D15242G03',4,'P075',4020,0,0),(10515,'2ETC02','0248D15242G04',0,'3001',-259,634,0),(10516,'2ETC02','0248D15242G04',1,'P081',-259,0,0),(10517,'2ETC02','0248D15242G04',2,'P196',-259,0,0),(10518,'2ETC02','0248D15242G04',3,'P075-Q',-259,0,0),(10519,'2ETC02','0248D15242G04',4,'P075',-259,0,0),(10520,'2ETC02','0248D15506G01',0,'3001',-1484,7,0),(10521,'2ETC02','0248D15506G01',1,'P081',-1484,0,0),(10522,'2ETC02','0248D15506G01',2,'P196',-1484,0,0),(10523,'2ETC02','0248D15506G01',3,'P075-Q',-1484,0,0),(10524,'2ETC02','0248D15506G01',4,'P075',-1484,0,0),(10525,'2ETC02','0248D15506G02',0,'3001',-4505,5283,0),(10526,'2ETC02','0248D15506G02',1,'P081',-4505,0,0),(10527,'2ETC02','0248D15506G02',2,'P196',-4505,0,0),(10528,'2ETC02','0248D15506G02',3,'P075-Q',-4505,0,0),(10529,'2ETC02','0248D15506G02',4,'P075',-4505,0,0),(10530,'2ETC02','0248D15642G02',0,'3001',27491,32367,0),(10531,'2ETC02','0248D15642G02',1,'P081',31470,3979,0),(10532,'2ETC02','0248D15642G02',2,'P196',33470,2000,0),(10533,'2ETC02','0248D15642G02',3,'P075-Q',33470,0,0),(10534,'2ETC02','0248D15642G02',4,'P075',35470,2000,0),(10535,'2ETC07_01','0252D18493P01',0,'2002',0,340000,0),(10536,'接觸彈片_2ETC10_01','0253D31294P01',0,'2002',0,0,0),(10537,'接觸彈片_2ETC10_01','0253D33581P01',0,'2002',0,0,0),(10538,'2BWI04','02540050002',0,'2001',78210,9500,0),(10539,'2BWI04','02540050002',1,'LS02',196611,118401,0),(10540,'2ETC21_03','02540050007',0,'2002',0,0,0),(10541,'2ETC21_04','02540050008',0,'2002',0,244685,0),(10542,'2ETC14_外管','02540080005',0,'2002',0,0,0),(10543,'2ETC14_外管','02540080005',1,'P046-Q',0,0,0),(10544,'2ETC14_外管','02540080005',2,'P046',0,0,0),(10545,'2ETC14_外管','02540080006',0,'2002',0,1581,0),(10546,'2ETC14_外管','02540080006',1,'P046-Q',0,0,0),(10547,'2ETC14_外管','02540080006',2,'P046',782,782,0),(10548,'2ETC14_外管','02540080007',0,'2002',0,0,0),(10549,'2ETC14_外管','02540080007',1,'P046-Q',0,0,0),(10550,'2ETC14_外管','02540080007',2,'P046',0,0,0),(10551,'2ETC14_外管','02540080008',0,'2002',0,0,0),(10552,'2ETC14_外管','02540080008',1,'P046-Q',0,0,0),(10553,'2ETC14_外管','02540080008',2,'P046',0,0,0),(10554,'2ETC14_外管','02540080009',0,'2002',0,0,0),(10555,'2ETC14_外管','02540080009',1,'P046-Q',0,0,0),(10556,'2ETC14_外管','02540080009',2,'P046',0,0,0),(10557,'2DMP05','0254CAP19',0,'2001',13845,9252,0),(10558,'2ETC05_01','0254D13317P01',0,'2002',0,0,0),(10559,'2ETC05_01','0254D13434P01',0,'2002',0,0,0),(10560,'接觸彈片_2ETC10_01','0254D31638P01',0,'2002',0,0,0),(10561,'2ETC10','0255D31989P03',0,'P084-Q',0,0,0),(10562,'2ETC10','0255D31989P03',1,'P084',0,0,0),(10563,'2ETC10','02580850006',0,'P198-Q',0,0,0),(10564,'2ETC10','02580850006',1,'P198',0,0,0),(10565,'2ETC10','02580850006',2,'P102-Q',0,0,0),(10566,'2ETC10','02580850006',3,'P102',0,0,0),(10567,'2ETC10','02580850006',4,'P075',0,0,0),(10568,'2ETC10','02580850006',5,'P084-Q',0,0,0),(10569,'2ETC10','02580850006',6,'P084',0,0,0),(10570,'2ETC10','02580850006',7,'P148-Q',0,0,0),(10571,'2ETC10','02580850006',8,'P148',0,0,0),(10572,'2ETC10','02580850006',9,'P148-Q',0,0,0),(10573,'2ETC10','02580850006',10,'P148',0,0,0),(10574,'2ETC10','02580850006',11,'P055',0,0,0),(10575,'2ETC10','02580850006',12,'P102-Q',0,0,0),(10576,'2ETC10','02580850006',13,'P102',0,0,0),(10577,'2ETC10','02580850006',14,'P021',0,0,0),(10578,'2ETC10','02580850006',15,'P029',0,0,0),(10579,'2ETC10','02580850006',16,'P075',0,0,0),(10580,'2ETC10','02580850006',17,'P197',0,0,0),(10581,'2ETC10','02580850006',18,'P148-Q',0,0,0),(10582,'2ETC10','02580850006',19,'P148',0,0,0),(10583,'2ETC10','02580850006',20,'P198-Q',0,0,0),(10584,'2ETC10','02580850006',21,'P198',0,0,0),(10585,'2ETC10','02580850006',22,'P102-Q',0,0,0),(10586,'2ETC10','02580850006',23,'P102',0,0,0),(10587,'2ETC10','02580850008',0,'P198-Q',0,0,0),(10588,'2ETC10','02580850008',1,'P198',0,0,0),(10589,'2ETC10','02580850008',2,'P102-Q',0,0,0),(10590,'2ETC10','02580850008',3,'P102',0,0,0),(10591,'2ETC10','02580850008',4,'P075',0,0,0),(10592,'2ETC10','02580850006',5,'P084-Q',0,0,0),(10593,'2ETC10','02580850008',6,'P084',0,0,0),(10594,'2ETC10','02580850006',7,'P148-Q',0,0,0),(10595,'2ETC10','02580850008',8,'P148',0,0,0),(10596,'2ETC10','02580850006',9,'P148-Q',0,0,0),(10597,'2ETC10','02580850008',10,'P148',0,0,0),(10598,'2ETC10','02580850008',11,'P055',0,0,0),(10599,'2ETC10','02580850008',12,'P102-Q',0,0,0),(10600,'2ETC10','02580850008',13,'P102',0,0,0),(10601,'2ETC10','02580850008',14,'P021',0,0,0),(10602,'2ETC10','02580850008',15,'P029',0,0,0),(10603,'2ETC10','02580850008',16,'P075',0,0,0),(10604,'2ETC10','02580850008',17,'P197',0,0,0),(10605,'2ETC10','02580850008',18,'P148-Q',0,0,0),(10606,'2ETC10','02580850008',19,'P148',0,0,0),(10607,'2ETC10','02580850008',20,'P198-Q',0,0,0),(10608,'2ETC10','02580850008',21,'P198',0,0,0),(10609,'2ETC10','02580850008',22,'P102-Q',0,0,0),(10610,'2ETC10','02580850008',23,'P102',0,0,0),(10611,'2ETC10','02580850011',0,'P198-Q',0,0,0),(10612,'2ETC10','02580850011',1,'P198',0,0,0),(10613,'2ETC10','02580850011',2,'P102-Q',0,0,0),(10614,'2ETC10','02580850011',3,'P102',0,200,0),(10615,'2ETC10','02580850011',4,'P075',0,0,0),(10616,'2ETC10','02580850006',5,'P084-Q',0,0,0),(10617,'2ETC10','02580850011',6,'P084',0,0,0),(10618,'2ETC10','02580850006',7,'P148-Q',0,0,0),(10619,'2ETC10','02580850011',8,'P148',0,0,0),(10620,'2ETC10','02580850006',9,'P148-Q',0,0,0),(10621,'2ETC10','02580850011',10,'P148',0,0,0),(10622,'2ETC10','02580850008',11,'P055',0,0,0),(10623,'2ETC10','02580850011',12,'P102-Q',0,0,0),(10624,'2ETC10','02580850011',13,'P102',0,0,0),(10625,'2ETC10','02580850011',14,'P021',0,0,0),(10626,'2ETC10','02580850011',15,'P029',0,0,0),(10627,'2ETC10','02580850011',16,'P075',0,0,0),(10628,'2ETC10','02580850011',17,'P197',0,0,0),(10629,'2ETC10','02580850006',18,'P148-Q',0,0,0),(10630,'2ETC10','02580850011',19,'P148',0,0,0),(10631,'2ETC10','02580850011',20,'P198-Q',0,0,0),(10632,'2ETC10','02580850011',21,'P198',0,0,0),(10633,'2ETC10','02580850011',22,'P102-Q',0,0,0),(10634,'2ETC10','02580850011',23,'P102',0,0,0),(10635,'2ETC10','02580850006',0,'P084-Q',0,0,0),(10636,'2ETC10','02580850014',1,'P084',0,0,0),(10637,'2ETC10','02580850006',2,'P148-Q',0,0,0),(10638,'2ETC10','02580850014',3,'P148',0,0,0),(10639,'2ETC10','02580850006',4,'P148-Q',0,0,0),(10640,'2ETC10','02580850014',5,'P148',0,0,0),(10641,'2ETC10','02580850006',6,'P055',0,0,0),(10642,'2ETC10','02580850008',7,'P148-Q',0,0,0),(10643,'2ETC10','02580850014',8,'P148',0,0,0),(10644,'2ETC10','02580850014',9,'P198-Q',0,0,0),(10645,'2ETC10','02580850014',10,'P198',0,0,0),(10646,'2ETC10','02580850014',11,'P102-Q',0,0,0),(10647,'2ETC10','02580850014',12,'P102',0,0,0),(10648,'2BWI04','02640050002',0,'2001',95710,27000,0),(10649,'2BWI04','02640050002',1,'P082',95710,0,0),(10650,'2BWI04','02640050002',2,'P110',95710,0,0),(10651,'2BWI04','02640050002',3,'2002',95710,0,0),(10652,'2BWI04','02640050003',0,'P082',0,0,0),(10653,'2BWI04','02640050003',1,'P110',0,2000,0),(10654,'2BWI04','02640050003',2,'P099-Q',0,0,0),(10655,'2BWI04','02640050003',3,'P099',0,1000,0),(10656,'2ETC21_02','02640050005',0,'2001',27385,7626,0),(10657,'2ETC21_02','02640050005',1,'P055',27385,0,0),(10658,'2ETC21_02','02640050005',2,'2002',27385,0,0),(10659,'2ETC21_02','02640050006',0,'2001',29418,9659,0),(10660,'2ETC21_02','02640050006',1,'P029',45418,16000,0),(10661,'2ETC21_02','02640050006',2,'P069',45418,0,0),(10662,'2ETC21_02','02640050006',3,'P053-Q',45418,0,0),(10663,'2ETC21_02','02640050006',4,'P053',45418,0,0),(10664,'2ETC21_02','02640050006',5,'P055',49696,4278,0),(10665,'2ETC21_02','02640050006',6,'P183',57696,8000,0),(10666,'2ETC21_02','02640050006',7,'GR03',57696,0,0),(10667,'2ETC21_02','02640050006',8,'2002',57696,0,0),(10668,'2ETC21_02','02640050007',0,'2001',42392,22633,0),(10669,'2ETC21_02','02640050007',1,'P029',42392,0,0),(10670,'2ETC21_02','02640050007',2,'P053-Q',42392,0,0),(10671,'2ETC21_02','02640050007',3,'P053',42392,0,0),(10672,'2ETC21_02','02640050007',4,'P055',42392,0,0),(10673,'2ETC21_02','02640050007',5,'2002',42392,0,0),(10674,'2ETC21_02','02640050008',0,'P029',0,25551,0),(10675,'2ETC21_02','02640050008',1,'P021',0,14000,0),(10676,'2ETC21_02','02640050008',2,'P187',0,6000,0),(10677,'2ETC21_02','02640050008',3,'P183',0,4000,0),(10678,'2ETC21_02','02640050008',4,'P181-Q',0,0,0),(10679,'2ETC21_02','02640050008',5,'P181',0,48000,0),(10680,'2ETC21_02','02640050008',6,'P186',0,0,0),(10681,'2ETC21_02','02640050008',7,'GR03',0,0,0),(10682,'2ETC21_02','02640050008',8,'P108',0,15997,0),(10683,'2ETC21_02','02640050008',9,'P128-Q',0,0,0),(10684,'2ETC21_02','02640050008',10,'P128',0,0,0),(10685,'2ETC21_02','02640050008',11,'P191',0,0,0),(10686,'2ETC21_02','02640050008',12,'P055',0,0,0),(10687,'2ETC21_02','02640050008',13,'2002',0,0,0),(10688,'2ETC14_組件','02640110001',0,'2001',39812,17246,0),(10689,'2ETC14_組件','02640110001',1,'P029',42112,2300,0),(10690,'2ETC14_組件','02640110001',2,'P055',42112,0,0),(10691,'2ETC14_組件','02640110001',3,'P071',44542,2430,0),(10692,'2ETC14_組件','02640110001',4,'P105-Q',45202,660,0),(10693,'2ETC14_組件','02640110001',5,'P105',47182,1980,0),(10694,'2ETC14_組件','02640110001',6,'P057-Q',47182,0,0),(10695,'2ETC14_組件','02640110001',7,'P057',49822,2640,0),(10696,'2ETC14_組件','02640110001',8,'P108',49822,0,0),(10697,'2ETC14_組件','02640110001',9,'2002',49822,0,0),(10698,'2ETC14_組件','02640110002',0,'2001',10535,10380,0),(10699,'2ETC14_組件','02640110002',1,'P029',10535,0,0),(10700,'2ETC14_組件','02640110002',2,'P055',10535,0,0),(10701,'2ETC14_組件','02640110002',3,'P071',10535,0,0),(10702,'2ETC14_組件','02640110002',4,'P105-Q',10535,0,0),(10703,'2ETC14_組件','02640110002',5,'P105',10535,0,0),(10704,'2ETC14_組件','02640110002',6,'P057-Q',10535,0,0),(10705,'2ETC14_組件','02640110002',7,'P057',10535,0,0),(10706,'2ETC14_組件','02640110002',8,'P108',10535,0,0),(10707,'2ETC14_組件','02640110002',9,'2002',10535,0,0),(10708,'2ETC14_組件','02640110003',0,'2001',-90,50,0),(10709,'2ETC14_組件','02640110003',1,'P029',-90,0,0),(10710,'2ETC14_組件','02640110003',2,'P055',-90,0,0),(10711,'2ETC14_組件','02640110003',3,'P071',-90,0,0),(10712,'2ETC14_組件','02640110003',4,'P105-Q',-90,0,0),(10713,'2ETC14_組件','02640110003',5,'P105',-90,0,0),(10714,'2ETC14_組件','02640110003',6,'P057-Q',-90,0,0),(10715,'2ETC14_組件','02640110003',7,'P057',-90,0,0),(10716,'2ETC14_組件','02640110003',8,'P108',-90,0,0),(10717,'2ETC14_組件','02640110003',9,'2002',-90,0,0),(10718,'2ETC14_組件','02640240001',0,'2001',8996,2593,0),(10719,'2ETC14_組件','02640240001',1,'P186',8996,0,0),(10720,'2ETC14_組件','02640240001',2,'P057-Q',8996,0,0),(10721,'2ETC14_組件','02640240001',3,'P057',15396,6400,0),(10722,'2ETC14_組件','02640240001',4,'P130-Q',15396,0,0),(10723,'2ETC14_組件','02640240001',5,'P130',15396,0,0),(10724,'2ETC14_組件','02640240001',6,'P055',15396,0,0),(10725,'2ETC14_組件','02640240001',7,'P084-Q',15396,0,0),(10726,'2ETC14_組件','02640240001',8,'P084',15396,0,0),(10727,'2ETC14_組件','02640240002',0,'2001',28245,12400,0),(10728,'2ETC14_組件','02640240002',1,'P186',30245,2000,0),(10729,'2ETC14_組件','02640240002',2,'P057-Q',30245,0,0),(10730,'2ETC14_組件','02640240002',3,'P057',41245,11000,0),(10731,'2ETC14_組件','02640240002',4,'P130-Q',41245,0,0),(10732,'2ETC14_組件','02640240002',5,'P130',41245,0,0),(10733,'2ETC14_組件','02640240002',6,'P055',41245,0,0),(10734,'2ETC14_組件','02640240002',7,'P084-Q',41245,0,0),(10735,'2ETC14_組件','02640240002',8,'P084',41245,0,0),(10736,'2ETC14_組件','02640240003',0,'2001',1170,852,0),(10737,'2ETC14_組件','02640240003',1,'P186',1170,0,0),(10738,'2ETC14_組件','02640240003',2,'P057-Q',1170,0,0),(10739,'2ETC14_組件','02640240003',3,'P057',9170,8000,0),(10740,'2ETC14_組件','02640240003',4,'P130-Q',9170,0,0),(10741,'2ETC14_組件','02640240003',5,'P130',9170,0,0),(10742,'2ETC14_組件','02640240003',6,'P055',9170,0,0),(10743,'2ETC14_組件','02640240003',7,'P084-Q',9170,0,0),(10744,'2ETC14_組件','02640240003',8,'P084',9170,0,0),(10745,'2ETC14_組件','02640240004',0,'2001',302,356,0),(10746,'2ETC14_組件','02640240004',1,'P186',302,0,0),(10747,'2ETC14_組件','02640240004',2,'P057-Q',302,0,0),(10748,'2ETC14_組件','02640240004',3,'P057',17302,17000,0),(10749,'2ETC14_組件','02640240004',4,'P130-Q',17302,0,0),(10750,'2ETC14_組件','02640240004',5,'P130',17302,0,0),(10751,'2ETC14_組件','02640240004',6,'P055',17302,0,0),(10752,'2ETC14_組件','02640240004',7,'P084-Q',17302,0,0),(10753,'2ETC14_組件','02640240004',8,'P084',17302,0,0),(10754,'2ETC14_組件','02640240005',0,'2001',1724,1515,0),(10755,'2ETC14_組件','02640240005',1,'P186',1724,0,0),(10756,'2ETC14_組件','02640240005',2,'P057-Q',1724,0,0),(10757,'2ETC14_組件','02640240005',3,'P057',2724,1000,0),(10758,'2ETC14_組件','02640240005',4,'P130-Q',2724,0,0),(10759,'2ETC14_組件','02640240005',5,'P130',2724,0,0),(10760,'2ETC14_組件','02640240005',6,'P055',2724,0,0),(10761,'2ETC14_組件','02640240005',7,'P084-Q',2724,0,0),(10762,'2ETC14_組件','02640240005',8,'P084',2724,0,0),(10763,'2ETC14_組件','02640240006',0,'2001',190,300,0),(10764,'2ETC14_組件','02640240006',1,'P186',190,0,0),(10765,'2ETC14_組件','02640240006',2,'P057-Q',190,0,0),(10766,'2ETC14_組件','02640240006',3,'P057',190,0,0),(10767,'2ETC14_組件','02640240006',4,'P130-Q',190,0,0),(10768,'2ETC14_組件','02640240006',5,'P130',190,0,0),(10769,'2ETC14_組件','02640240006',6,'P055',190,0,0),(10770,'2ETC14_組件','02640240006',7,'P084-Q',190,0,0),(10771,'2ETC14_組件','02640240006',8,'P084',190,0,0),(10772,'2ETC14_組件','02640240007',0,'2001',89,119,0),(10773,'2ETC14_組件','02640240007',1,'P186',89,0,0),(10774,'2ETC14_組件','02640240007',2,'P057-Q',89,0,0),(10775,'2ETC14_組件','02640240007',3,'P057',89,0,0),(10776,'2ETC14_組件','02640240007',4,'P130-Q',89,0,0),(10777,'2ETC14_組件','02640240007',5,'P130',89,0,0),(10778,'2ETC14_組件','02640240007',6,'P055',89,0,0),(10779,'2ETC14_組件','02640240007',7,'P084-Q',89,0,0),(10780,'2ETC14_組件','02640240007',8,'P084',89,0,0),(10781,'2DMP05','0264CAP18',0,'P053-Q',0,0,0),(10782,'2DMP05','0264CAP18',1,'P069',0,0,0),(10783,'2DMP05','0264CAP18',2,'P053',0,0,0),(10784,'2DMP05','0264CAP18',3,'P029',0,0,0),(10785,'2DMP05','0264CAP18',4,'P124-Q',0,0,0),(10786,'2DMP05','0264CAP18',5,'P124',0,0,0),(10787,'2DMP05','0264CAP18',6,'P128-Q',0,0,0),(10788,'2DMP05','0264CAP18',7,'P128',0,0,0),(10789,'2DMP05','0264CAP18',8,'P191',0,0,0),(10790,'2DMP05','0264CAP18',9,'P137-Q',0,0,0),(10791,'2DMP05','0264CAP18',10,'P137',0,0,0),(10792,'2DMP05','0264CAP18',11,'P119',0,0,0),(10793,'2DMP05','0264CAP18',12,'P009-Q',0,0,0),(10794,'2DMP05','0264CAP18',13,'P009',0,0,0),(10795,'2DMP05','0264CAP20',0,'2001',8817,4224,0),(10796,'2DMP05','0264CAP20',1,'P055',9067,250,0),(10797,'2DMP05','0264CAP20',2,'P181-Q',9067,0,0),(10798,'2DMP05','0264CAP20',3,'P181',12267,3200,0),(10799,'2DMP05','0264CAP20',4,'EC001',12267,0,0),(10800,'2DMP05','0264CAP22',0,'2001',10864,6271,0),(10801,'2DMP05','0264CAP22',1,'P055',10864,0,0),(10802,'2DMP05','0264CAP22',2,'GR01',10864,0,0),(10803,'2DMP05','0264CAP22',3,'P183-Q',10864,0,0),(10804,'2DMP05','0264CAP22',4,'P183',10864,0,0),(10805,'2DMP05','0264CAP22',5,'P128-Q',10864,0,0),(10806,'2DMP05','0264CAP22',6,'P128',10864,0,0),(10807,'2DMP05','0264CAP22',7,'P191',10864,0,0),(10808,'2DMP05','0264CAP22',8,'P071',10864,0,0),(10809,'2DMP05','0264CAP22',9,'P108-Q',10864,0,0),(10810,'2DMP05','0264CAP22',10,'P108',10864,0,0),(10811,'2DMP05','0264CAP22',11,'2002',10864,0,0),(10812,'2ETC05','0264D13313P02-1',0,'2002',0,14712,0),(10813,'2ETC05','0264D13313P02-1',1,'M007',33230,33230,0),(10814,'2ETC05','0264D13313P02-1',2,'P123-Q',33230,0,0),(10815,'2ETC05','0264D13313P02-1',3,'P123',33230,0,0),(10816,'2ETC05','0264D13313P02-1',4,'P127-Q',45230,12000,0),(10817,'2ETC05','0264D13313P02-1',5,'P127',48230,3000,0),(10818,'2ETC05','0264D13313P02-1',6,'P071',59230,11000,0),(10819,'2ETC05','0264D13313P02-1',7,'P108-Q',60230,1000,0),(10820,'2ETC05','0264D13313P02-1',8,'P108',63230,3000,0),(10821,'2ETC05','0264D13313P02-1',9,'F001',63230,0,0),(10822,'2ETC05','0264D13313P02-1',10,'2002',63230,0,0),(10823,'2ETC05','0264D13430P01-1',0,'2002',0,0,0),(10824,'2ETC05','0264D13430P01-1',1,'M007',71880,71880,0),(10825,'2ETC05','0264D13430P01-1',2,'P123-Q',71880,0,0),(10826,'2ETC05','0264D13430P01-1',3,'P123',71880,0,0),(10827,'2ETC05','0264D13430P01-1',4,'P127-Q',88000,16120,0),(10828,'2ETC05','0264D13430P01-1',5,'P127',91000,3000,0),(10829,'2ETC05','0264D13430P01-1',6,'P071',106000,15000,0),(10830,'2ETC05','0264D13430P01-1',7,'P108-Q',106000,0,0),(10831,'2ETC05','0264D13430P01-1',8,'P108',112000,6000,0),(10832,'2ETC05','0264D13430P01-1',9,'F001',112000,0,0),(10833,'2ETC05','0264D13430P01-1',10,'2002',112000,0,0),(10834,'2ETC05','0264D13562P01-1',0,'2002',0,0,0),(10835,'2ETC05','0264D13562P01-1',1,'M007',0,0,0),(10836,'2ETC05','0264D13562P01-1',2,'P123-Q',0,0,0),(10837,'2ETC05','0264D13562P01-1',3,'P123',0,0,0),(10838,'2ETC05','0264D13562P01-1',4,'P127-Q',0,0,0),(10839,'2ETC05','0264D13562P01-1',5,'P127',3000,3000,0),(10840,'2ETC05','0264D13562P01-1',6,'P071',3000,0,0),(10841,'2ETC05','0264D13562P01-1',7,'P108-Q',3000,0,0),(10842,'2ETC05','0264D13562P01-1',8,'P108',3000,0,0),(10843,'2ETC05','0264D13562P01-1',9,'F001',3000,0,0),(10844,'2ETC05','0264D13562P01-1',10,'2002',3000,0,0),(10845,'2ETC10','02650040001',0,'P148-Q',0,0,0),(10846,'2ETC10','02650040001',1,'P148',0,0,0),(10847,'2DMP06','0268CAM07',0,'2001',1729,0,0),(10848,'2DMP06','0268CAM07',1,'P029',1729,0,0),(10849,'2DMP06','0268CAM07',2,'P055',1729,0,0),(10850,'2DMP06','0268CAM07',3,'P105-Q',1729,0,0),(10851,'2DMP06','0268CAM07',4,'P105',1729,0,0),(10852,'2DMP06','0268CAM07',5,'LS01',1729,0,0),(10853,'2DMP06','0268CAM07-A',0,'P029',0,0,0),(10854,'2DMP06','0268CAM07-A',1,'P069',0,0,0),(10855,'2DMP06','0268CAM07-A',2,'P055',0,0,0),(10856,'2DMP06','0268CAM07-A',3,'P105-Q',0,0,0),(10857,'2DMP06','0268CAM07-A',4,'P105',0,0,0),(10858,'2DMP06','0268CAM07-A',5,'P198-Q',0,0,0),(10859,'2DMP06','0268CAM07-A',6,'P132',0,0,0),(10860,'2DMP06','0268CAM07-A',7,'P198',0,0,0),(10861,'2DMP06','0268CAM07-A',8,'P102',0,0,0),(10862,'2ETC10','0268D33513G02',0,'P148-Q',0,0,0),(10863,'2ETC10','0268D33513G02',1,'P148',0,0,0),(10864,'2ETC10','0268D33513G02',2,'P089-Q',0,0,0),(10865,'2ETC10','0268D33513G02',3,'P089',0,0,0),(10866,'2ETC10','0268D33876G01',0,'P102-Q',0,0,0),(10867,'2ETC10','0268D33876G01',1,'P102',0,204,0),(10868,'2ETC10','0268D33876G01',2,'P104-Q',0,0,0),(10869,'2ETC10','0268D33876G01',3,'P104',0,0,0),(10870,'2ETC10','0268D33876G01',4,'P055',0,0,0),(10871,'2ETC10','0268D33876G01',5,'F001',0,0,0),(10872,'2ETC10','0268D33876G01',6,'P055',0,0,0),(10873,'2ETC10','0268D33876G01',7,'P108',0,0,0),(10874,'2ETC10','0268D33876G01',8,'P055',0,0,0),(10875,'2ETC10','0268D33876G01',9,'F001',0,0,0),(10876,'2ETC10','0268D33876G02',0,'P102-Q',0,0,0),(10877,'2ETC10','0268D33876G02',1,'P102',0,400,0),(10878,'2ETC10','0268D33876G02',2,'P104-Q',0,0,0),(10879,'2ETC10','0268D33876G02',3,'P104',0,200,0),(10880,'2ETC10','0268D33876G02',4,'P055',0,0,0),(10881,'2ETC10','0268D33876G01',5,'P055',0,0,0),(10882,'2ETC10','0268D33876G02',6,'P108',0,0,0),(10883,'2ETC10','0268D33876G02',7,'P055',0,0,0),(10884,'2ETC10','0268D33877G01',0,'P102-Q',0,0,0),(10885,'2ETC10','0268D33877G01',1,'P102',0,204,0),(10886,'2ETC10','0268D33877G01',2,'P104-Q',0,0,0),(10887,'2ETC10','0268D33877G01',3,'P104',0,0,0),(10888,'2ETC10','0268D33876G01',4,'P055',0,0,0),(10889,'2ETC10','0268D33877G01',5,'F001',0,0,0),(10890,'2ETC10','0268D33877G01',6,'P055',0,0,0),(10891,'2ETC10','0268D33877G01',7,'P108',0,0,0),(10892,'2ETC10','0268D33876G01',8,'P055',0,0,0),(10893,'2ETC10','0268D33877G01',9,'F001',0,0,0),(10894,'2ETC10','0268D33877G02',0,'P102-Q',0,0,0),(10895,'2ETC10','0268D33877G02',1,'P102',0,400,0),(10896,'2ETC10','0268D33877G02',2,'P104-Q',0,0,0),(10897,'2ETC10','0268D33877G02',3,'P104',0,0,0),(10898,'2ETC10','0268D33876G02',4,'P055',0,0,0),(10899,'2ETC10','0268D33877G01',5,'P055',0,0,0),(10900,'2ETC10','0268D33877G02',6,'P108',0,0,0),(10901,'2ETC10','0268D33876G02',7,'P055',0,0,0);
/*!40000 ALTER TABLE `intaiweb_runningtables` ENABLE KEYS */;
UNLOCK TABLES;

--
-- Table structure for table `intaiweb_sfchistory`
--

DROP TABLE IF EXISTS `intaiweb_sfchistory`;
/*!40101 SET @saved_cs_client     = @@character_set_client */;
/*!50503 SET character_set_client = utf8mb4 */;
CREATE TABLE `intaiweb_sfchistory` (
  `id` int NOT NULL AUTO_INCREMENT,
  `ProductID` varchar(32) DEFAULT NULL,
  `ProcessID` varchar(32) DEFAULT NULL,
  `Count` double DEFAULT '0',
  `Type` varchar(32) DEFAULT NULL,
  PRIMARY KEY (`id`)
) ENGINE=InnoDB AUTO_INCREMENT=1939 DEFAULT CHARSET=utf8mb4 COLLATE=utf8mb4_0900_ai_ci;
/*!40101 SET character_set_client = @saved_cs_client */;

--
-- Dumping data for table `intaiweb_sfchistory`
--

LOCK TABLES `intaiweb_sfchistory` WRITE;
/*!40000 ALTER TABLE `intaiweb_sfchistory` DISABLE KEYS */;
INSERT INTO `intaiweb_sfchistory` VALUES (1895,'02440080002','P101-Q',787,'2ETC14_外管'),(1896,'02440080002','P186',1518,'2ETC14_外管'),(1897,'02440080003','P186',393,'2ETC14_外管'),(1898,'02440080007','P078',295,'2ETC07'),(1899,'02440080007','P082',1340,'2ETC07'),(1900,'02440080007','P124',150,'2ETC07'),(1901,'02440080007','P124-Q',1180,'2ETC07'),(1902,'02440080007','P159',148,'2ETC07'),(1903,'02440080007','P159-Q',991,'2ETC07'),(1904,'02440080007','P196',233,'2ETC07'),(1905,'02440080008','P124-Q',402,'2ETC07'),(1906,'02440080011','P021',196,'2ETC21'),(1907,'02440080011','P124',98,'2ETC21'),(1908,'02440080011','P124-Q',98,'2ETC21'),(1909,'02440080011','P159-Q',95,'2ETC21'),(1910,'02440080012','P021',149,'2ETC21'),(1911,'02440080012','P078',149,'2ETC21'),(1912,'02440080012','P124-Q',353,'2ETC21'),(1913,'02440080012','P196',146,'2ETC21'),(1914,'02440080013','P124-Q',296,'2ETC21'),(1915,'02440080013','P159-Q',272,'2ETC21'),(1916,'0244D13313P01','P128',9342,'2ETC05'),(1917,'0244D13430P03','P128',11979,'2ETC05'),(1918,'02480040001','P075',1000,'2ETC15'),(1919,'02480040001','P081',1000,'2ETC15'),(1920,'02480050001','P102',350,'2BWI04'),(1921,'02480050001','P102-Q',1346,'2BWI04'),(1922,'02480050001','P196',139,'2BWI04'),(1923,'02480050002','P025',400,'2ETC21_02'),(1924,'02480050002','P196',400,'2ETC21_02'),(1925,'02480080003','P081',1027,'2DMP03'),(1926,'02480080004','P091-Q',594,'2DMP04'),(1927,'02480090001','P188',705,'2ETC14_組件'),(1928,'02480090002','P102-Q',705,'2ETC14_組件'),(1929,'0248D15642G02','P081',1954,'2ETC02'),(1930,'02580340004','P069',97,'2ETC10'),(1931,'02640050003','P099-Q',2000,'2BWI04'),(1932,'02640050006','P069',2000,'2ETC21_02'),(1933,'02640050008','P029',1080,'2ETC21_02'),(1934,'02640110001','P105',990,'2ETC14_組件'),(1935,'02640110001','P105-Q',330,'2ETC14_組件'),(1936,'0264CAP20','P181-Q',250,'2DMP05'),(1937,'02680350001','P130-Q',400,'2ETC10'),(1938,'0268D31229G02','P029',200,'2ETC10');
/*!40000 ALTER TABLE `intaiweb_sfchistory` ENABLE KEYS */;
UNLOCK TABLES;

--
-- Table structure for table `intaiweb_sfcstatus`
--

DROP TABLE IF EXISTS `intaiweb_sfcstatus`;
/*!40101 SET @saved_cs_client     = @@character_set_client */;
/*!50503 SET character_set_client = utf8mb4 */;
CREATE TABLE `intaiweb_sfcstatus` (
  `id` int NOT NULL AUTO_INCREMENT,
  `ProductID` varchar(32) DEFAULT NULL,
  `ProcessID` varchar(32) DEFAULT NULL,
  `Count` double DEFAULT '0',
  `Type` varchar(32) DEFAULT NULL,
  PRIMARY KEY (`id`)
) ENGINE=InnoDB AUTO_INCREMENT=2729 DEFAULT CHARSET=utf8mb4 COLLATE=utf8mb4_0900_ai_ci;
/*!40101 SET character_set_client = @saved_cs_client */;

--
-- Dumping data for table `intaiweb_sfcstatus`
--

LOCK TABLES `intaiweb_sfcstatus` WRITE;
/*!40000 ALTER TABLE `intaiweb_sfcstatus` DISABLE KEYS */;
INSERT INTO `intaiweb_sfcstatus` VALUES (2528,'0242D18493P01','P081',180000,'2ETC07_01'),(2529,'02440050001','P196',12499,'2ETC21_03'),(2530,'02440050002','P196',94150,'2ETC21_04'),(2531,'02440080002','LS03',13829,'2ETC14_外管'),(2532,'02440080002','P053',2272,'2ETC14_外管'),(2533,'02440080002','P071',1185,'2ETC14_外管'),(2534,'02440080002','P099',396,'2ETC14_外管'),(2535,'02440080002','P101',2714,'2ETC14_外管'),(2536,'02440080002','P124',1518,'2ETC14_外管'),(2537,'02440080002','P188',389,'2ETC14_外管'),(2538,'02440080003','LS02',1591,'2ETC14_外管'),(2539,'02440080003','P053',358,'2ETC14_外管'),(2540,'02440080003','P055',2,'2ETC14_外管'),(2541,'02440080003','P071',13041,'2ETC14_外管'),(2542,'02440080003','P124',393,'2ETC14_外管'),(2543,'02440080007','P021',1733,'2ETC07'),(2544,'02440080007','P055',7726,'2ETC07'),(2545,'02440080007','P078',2986,'2ETC07'),(2546,'02440080007','P081',1135,'2ETC07'),(2547,'02440080007','P082',2766,'2ETC07'),(2548,'02440080007','P124',3430,'2ETC07'),(2549,'02440080007','P124-Q',150,'2ETC07'),(2550,'02440080007','P159',1198,'2ETC07'),(2551,'02440080007','P159-Q',148,'2ETC07'),(2552,'02440080007','P196',297,'2ETC07'),(2553,'02440080008','P055',464,'2ETC07'),(2554,'02440080008','P082',831,'2ETC07'),(2555,'02440080008','P159',144,'2ETC07'),(2556,'02440080008','P159-Q',137,'2ETC07'),(2557,'02440080010','M001',968,'2ETC21_01'),(2558,'02440080010','P055',8293,'2ETC21_01'),(2559,'02440080010','P082',3000,'2ETC21_01'),(2560,'02440080010','P108',2966,'2ETC21_01'),(2561,'02440080010','P124',7308,'2ETC21_01'),(2562,'02440080010','P128',6986,'2ETC21_01'),(2563,'02440080010','P149',1000,'2ETC21_01'),(2564,'02440080010','P159',2991,'2ETC21_01'),(2565,'02440080010','P196',2000,'2ETC21_01'),(2566,'02440080011','P021',296,'2ETC21'),(2567,'02440080011','P055',1035,'2ETC21'),(2568,'02440080011','P078',1174,'2ETC21'),(2569,'02440080011','P082',198,'2ETC21'),(2570,'02440080011','P149',1054,'2ETC21'),(2571,'02440080011','P159',197,'2ETC21'),(2572,'02440080011','P196',97,'2ETC21'),(2573,'02440080012','P055',1086,'2ETC21'),(2574,'02440080012','P078',1622,'2ETC21'),(2575,'02440080012','P081',286,'2ETC21'),(2576,'02440080012','P082',651,'2ETC21'),(2577,'02440080012','P124',155,'2ETC21'),(2578,'02440080012','P159',272,'2ETC21'),(2579,'02440080012','P196',281,'2ETC21'),(2580,'02440080013','P021',176,'2ETC21'),(2581,'02440080013','P055',1112,'2ETC21'),(2582,'02440080013','P078',1320,'2ETC21'),(2583,'02440080013','P082',441,'2ETC21'),(2584,'02440080013','P149',442,'2ETC21'),(2585,'02440080013','P159',299,'2ETC21'),(2586,'0244D13313P01','P029',5824,'2ETC05'),(2587,'0244D13313P01','P055',90,'2ETC05'),(2588,'0244D13313P01','P081',4889,'2ETC05'),(2589,'0244D13313P01','P082',8683,'2ETC05'),(2590,'0244D13313P01','P105',2980,'2ETC05'),(2591,'0244D13313P01','P128-Q',9342,'2ETC05'),(2592,'0244D13313P01','P186',1281,'2ETC05'),(2593,'0244D13313P01','P188',3000,'2ETC05'),(2594,'0244D13430P03','P021',2868,'2ETC05'),(2595,'0244D13430P03','P029',6000,'2ETC05'),(2596,'0244D13430P03','P055',41,'2ETC05'),(2597,'0244D13430P03','P081',8743,'2ETC05'),(2598,'0244D13430P03','P082',6000,'2ETC05'),(2599,'0244D13430P03','P128-Q',11979,'2ETC05'),(2600,'0244D13430P03','P188',12053,'2ETC05'),(2601,'0244D13430P03','P196',5662,'2ETC05'),(2602,'0244D13562P01','P188',2980,'2ETC05'),(2603,'02480040001','P075',1000,'2ETC15'),(2604,'02480040004','P083',404,'2ETC10'),(2605,'02480040007','P083',404,'2ETC10'),(2606,'02480050001','P075',350,'2BWI04'),(2607,'02480050001','P102',5250,'2BWI04'),(2608,'02480050001','P196',457,'2BWI04'),(2609,'02480050002','P025-Q',400,'2ETC21_02'),(2610,'02480050002','P075',800,'2ETC21_02'),(2611,'02480050002','P081',3585,'2ETC21_02'),(2612,'02480050002','P082',1800,'2ETC21_02'),(2613,'02480050002','P148',800,'2ETC21_02'),(2614,'02480050002','P196',3600,'2ETC21_02'),(2615,'02480080004','P091',1499,'2DMP04'),(2616,'02480080004','P196',2680,'2DMP04'),(2617,'02480080005','P029',5052,'2DMP01'),(2618,'02480080005','P091',10829,'2DMP01'),(2619,'02480080005','P105',1800,'2DMP01'),(2620,'02480090001','P071',1420,'2ETC14_組件'),(2621,'02480090001','P148',1414,'2ETC14_組件'),(2622,'02480090001','P188',1415,'2ETC14_組件'),(2623,'02480090001','P196',2125,'2ETC14_組件'),(2624,'02480090002','P071',705,'2ETC14_組件'),(2625,'02480090002','P081',3511,'2ETC14_組件'),(2626,'02480090002','P102',720,'2ETC14_組件'),(2627,'02480090002','P196',710,'2ETC14_組件'),(2628,'0248CA-000283-004','LS02',4534,'2DMP05'),(2629,'0248D15642G02','P075',2000,'2ETC02'),(2630,'0248D15642G02','P081',3979,'2ETC02'),(2631,'0248D15642G02','P196',2000,'2ETC02'),(2632,'0242D14089P01','P021',210,'2ETC02'),(2633,'0242D14089P02','P186',3934,'2ETC02'),(2634,'0242D14215P03','GR01',9890,'2ETC02'),(2635,'0242D14215P03','P021',4000,'2ETC02'),(2636,'0242D14215P03','P124',4000,'2ETC02'),(2637,'0244D02138P03','GR01',35518,'2ETC02'),(2638,'0244D02138P03','P050',23756,'2ETC02'),(2639,'0244D02138P03','P055',11547,'2ETC02'),(2640,'0244D02327P02','P029',5871,'2ETC02'),(2641,'0244D02327P02','P050',1903,'2ETC02'),(2642,'0244D02327P02','P186',5973,'2ETC02'),(2643,'0244D02327P02','P187',5882,'2ETC02'),(2644,'0244D02837P02','P050',23183,'2ETC02'),(2645,'0244D12417P01','GR01',14768,'2ETC15'),(2646,'0244D12417P01','P050',10390,'2ETC15'),(2647,'0244D12417P01','P082',1044,'2ETC15'),(2648,'0244D12417P01','P105',530,'2ETC15'),(2649,'0244D12417P01','P128',6600,'2ETC15'),(2650,'0244D12417P01','P187',550,'2ETC15'),(2651,'0244D12417P01','P189',550,'2ETC15'),(2652,'0244D12417P01','P196',1082,'2ETC15'),(2653,'0252D14089P01-1','F002',38000,'2ETC02'),(2654,'0252D14089P01-1','GR01',9269,'2ETC02'),(2655,'0252D14215P03-1','GR01',12000,'2ETC02'),(2656,'02540050002','LS02',118401,'2BWI04'),(2657,'02540080002','EC001',6000,'2DMP03'),(2658,'02540080006','P046',782,'2ETC14_外管'),(2659,'02580340004','P029',277,'2ETC10'),(2660,'02580850011','P102',200,'2ETC10'),(2661,'02640050001','M007',11719,'2ETC10'),(2662,'02640050001','SF03',1470,'2ETC10'),(2663,'02640050003','P099',1000,'2BWI04'),(2664,'02640050003','P110',2000,'2BWI04'),(2665,'02640050006','P029',16000,'2ETC21_02'),(2666,'02640050006','P055',4278,'2ETC21_02'),(2667,'02640050006','P183',8000,'2ETC21_02'),(2668,'02640050008','P021',14000,'2ETC21_02'),(2669,'02640050008','P029',25551,'2ETC21_02'),(2670,'02640050008','P108',15997,'2ETC21_02'),(2671,'02640050008','P181',48000,'2ETC21_02'),(2672,'02640050008','P183',4000,'2ETC21_02'),(2673,'02640050008','P187',6000,'2ETC21_02'),(2674,'02640110001','P029',2300,'2ETC14_組件'),(2675,'02640110001','P057',2640,'2ETC14_組件'),(2676,'02640110001','P071',2430,'2ETC14_組件'),(2677,'02640110001','P105',1980,'2ETC14_組件'),(2678,'02640110001','P105-Q',660,'2ETC14_組件'),(2679,'02640240001','P057',6400,'2ETC14_組件'),(2680,'02640240002','P057',11000,'2ETC14_組件'),(2681,'02640240002','P186',2000,'2ETC14_組件'),(2682,'02640240003','P057',8000,'2ETC14_組件'),(2683,'02640240004','P057',17000,'2ETC14_組件'),(2684,'02640240005','P057',1000,'2ETC14_組件'),(2685,'02640320003','GR01',1278,'2ETC10'),(2686,'02640320003','M007',1154,'2ETC10'),(2687,'02640320003','P029',1304,'2ETC10'),(2688,'02640320003','SF03',1626,'2ETC10'),(2689,'0264CAP02','P071',8000,'2DMP06'),(2690,'0264CAP03','EC001',10800,'2DMP06'),(2691,'0264CAP05','P119',10000,'2DMP06'),(2692,'0264CAP20','P055',250,'2DMP05'),(2693,'0264CAP20','P181',3200,'2DMP05'),(2694,'0264D13313P02-1','M007',33230,'2ETC05'),(2695,'0264D13313P02-1','P071',11000,'2ETC05'),(2696,'0264D13313P02-1','P108',3000,'2ETC05'),(2697,'0264D13313P02-1','P108-Q',1000,'2ETC05'),(2698,'0264D13313P02-1','P127',3000,'2ETC05'),(2699,'0264D13313P02-1','P127-Q',12000,'2ETC05'),(2700,'0264D13430P01-1','M007',71880,'2ETC05'),(2701,'0264D13430P01-1','P071',15000,'2ETC05'),(2702,'0264D13430P01-1','P108',6000,'2ETC05'),(2703,'0264D13430P01-1','P127',3000,'2ETC05'),(2704,'0264D13430P01-1','P127-Q',16120,'2ETC05'),(2705,'0264D13562P01-1','P127',3000,'2ETC05'),(2706,'0264D30428P01-A','LS03',200,'2ETC10'),(2707,'0264D30428P02-A','LS03',3800,'2ETC10'),(2708,'0264D30434P01','P082',2798,'2ETC10'),(2709,'0264D30434P02','EC001',4000,'2ETC10'),(2710,'0264D31326P01','M007',1493,'2ETC10'),(2711,'02680350001','P055',400,'2ETC10'),(2712,'02680350001','P124',400,'2ETC10'),(2713,'02680350001','P130',1200,'2ETC10'),(2714,'02680350001','P186',600,'2ETC10'),(2715,'02680850012','P102',200,'2ETC10'),(2716,'02680850018','P148',200,'2ETC10'),(2717,'02680850019','P075',200,'2ETC10'),(2718,'02680850019','P102',200,'2ETC10'),(2719,'02680850019','P197',400,'2ETC10'),(2720,'0268D30433G04','P102',200,'2ETC10'),(2721,'0268D30433G04','P148',800,'2ETC10'),(2722,'0268D31229G02','P029-Q',200,'2ETC10'),(2723,'0268D31229G02','P078',200,'2ETC10'),(2724,'0268D33876G01','P102',204,'2ETC10'),(2725,'0268D33876G02','P102',400,'2ETC10'),(2726,'0268D33876G02','P104',200,'2ETC10'),(2727,'0268D33877G01','P102',204,'2ETC10'),(2728,'0268D33877G02','P102',400,'2ETC10');
/*!40000 ALTER TABLE `intaiweb_sfcstatus` ENABLE KEYS */;
UNLOCK TABLES;

--
-- Table structure for table `intaiweb_shipment`
--

DROP TABLE IF EXISTS `intaiweb_shipment`;
/*!40101 SET @saved_cs_client     = @@character_set_client */;
/*!50503 SET character_set_client = utf8mb4 */;
CREATE TABLE `intaiweb_shipment` (
  `id` int NOT NULL AUTO_INCREMENT,
  `ProductID` varchar(32) DEFAULT NULL,
  `OutDate` varchar(16) DEFAULT NULL,
  `OutCount` int DEFAULT '0',
  PRIMARY KEY (`id`)
) ENGINE=InnoDB AUTO_INCREMENT=273 DEFAULT CHARSET=utf8mb4 COLLATE=utf8mb4_0900_ai_ci;
/*!40101 SET character_set_client = @saved_cs_client */;

--
-- Dumping data for table `intaiweb_shipment`
--

LOCK TABLES `intaiweb_shipment` WRITE;
/*!40000 ALTER TABLE `intaiweb_shipment` DISABLE KEYS */;
INSERT INTO `intaiweb_shipment` VALUES (216,'0242D18493P01','2023/09/25',100),(217,'0243D31294P01','2023/09/25',100),(218,'0243D33581P01','2023/09/25',100),(219,'02440050001','2023/09/25',100),(220,'02440050002','2023/09/25',100),(221,'02440080001','2023/09/25',100),(222,'02440080002','2023/09/25',100),(223,'02440080003','2023/09/25',100),(224,'02440080004','2023/09/25',100),(225,'02440080005','2023/09/25',100),(226,'02440080006','2023/09/25',100),(227,'02440080007','2023/09/25',100),(228,'02440080008','2023/09/25',100),(229,'02440080010','2023/09/25',100),(230,'02440080011','2023/09/25',100),(231,'02440080012','2023/09/25',100),(232,'02440080013','2023/09/25',100),(233,'0244D13313P01','2023/09/25',100),(234,'0244D13317P01','2023/09/25',100),(235,'0244D13430P03','2023/09/25',100),(236,'0244D13434P01','2023/09/25',100),(237,'0244D13562P01','2023/09/25',100),(238,'0244D31638P01','2023/09/25',100),(239,'02480040001','2023/09/25',100),(240,'02480040004','2023/09/25',100),(241,'02480040005','2023/09/25',100),(242,'02480040006','2023/09/25',100),(243,'02480040007','2023/09/25',100),(244,'02480050001','2023/09/25',100),(245,'02480050002','2023/09/25',100),(246,'02480080001','2023/09/25',100),(247,'02480080003','2023/09/25',100),(248,'02480080004','2023/09/25',100),(249,'02480080005','2023/09/25',100),(250,'02480080006','2023/09/25',100),(251,'02480090001','2023/09/25',100),(252,'02480090002','2023/09/25',100),(253,'02480090003','2023/09/25',100),(254,'02480090004','2023/09/25',100),(255,'02480090005','2023/09/25',100),(256,'02480090006','2023/09/25',100),(257,'02480090007','2023/09/25',100),(258,'0248D13195G01','2023/09/25',100),(259,'0248D15242G01','2023/09/25',20000),(260,'0248D15242G02','2023/09/25',1),(261,'0248D15242G03','2023/09/25',5000),(262,'0248D15242G04','2023/09/25',12),(263,'0248D15506G01','2023/09/25',456),(264,'0248D15506G02','2023/09/25',7899),(265,'0248D15642G02','2023/09/25',3333),(266,'0248D15242G01','2023/10/21',500),(267,'0248D15242G02','2023/10/21',600),(268,'0248D15242G03','2023/10/21',700),(269,'0248D15242G04','2023/10/21',800),(270,'0248D15506G01','2023/10/21',900),(271,'0248D15506G02','2023/10/21',1000),(272,'0248D15642G02','2023/10/21',1100);
/*!40000 ALTER TABLE `intaiweb_shipment` ENABLE KEYS */;
UNLOCK TABLES;

--
-- Table structure for table `intaiweb_shiptable`
--

DROP TABLE IF EXISTS `intaiweb_shiptable`;
/*!40101 SET @saved_cs_client     = @@character_set_client */;
/*!50503 SET character_set_client = utf8mb4 */;
CREATE TABLE `intaiweb_shiptable` (
  `id` int NOT NULL AUTO_INCREMENT,
  `ProductID` varchar(32) NOT NULL,
  `ShipDate` varchar(16) NOT NULL,
  `TypeID` varchar(32) NOT NULL,
  `TargetCount` double NOT NULL,
  `WipCount` double NOT NULL,
  PRIMARY KEY (`id`)
) ENGINE=InnoDB AUTO_INCREMENT=668 DEFAULT CHARSET=utf8mb4 COLLATE=utf8mb4_0900_ai_ci;
/*!40101 SET character_set_client = @saved_cs_client */;

--
-- Dumping data for table `intaiweb_shiptable`
--

LOCK TABLES `intaiweb_shiptable` WRITE;
/*!40000 ALTER TABLE `intaiweb_shiptable` DISABLE KEYS */;
INSERT INTO `intaiweb_shiptable` VALUES (611,'0242D18493P01','2023/09/25','2ETC07_01',100,0),(612,'0243D31294P01','2023/09/25','接觸彈片_2ETC10_01',100,0),(613,'0243D33581P01','2023/09/25','接觸彈片_2ETC10_01',100,0),(614,'02440050001','2023/09/25','2ETC21_03',100,0),(615,'02440050002','2023/09/25','2ETC21_04',100,0),(616,'02440080001','2023/09/25','2ETC14_外管',100,0),(617,'02440080002','2023/09/25','2ETC14_外管',100,0),(618,'02440080003','2023/09/25','2ETC14_外管',100,0),(619,'02440080004','2023/09/25','2ETC14_外管',100,0),(620,'02440080005','2023/09/25','2ETC14_外管',100,0),(621,'02440080006','2023/09/25','2ETC07',100,0),(622,'02440080007','2023/09/25','2ETC07',100,0),(623,'02440080008','2023/09/25','2ETC07',100,0),(624,'02440080010','2023/09/25','2ETC21_01',100,0),(625,'02440080011','2023/09/25','2ETC21',100,0),(626,'02440080012','2023/09/25','2ETC21',100,0),(627,'02440080013','2023/09/25','2ETC21',100,0),(628,'0244D13313P01','2023/09/25','2ETC05',100,0),(629,'0244D13317P01','2023/09/25','2ETC05_01',100,0),(630,'0244D13430P03','2023/09/25','2ETC05',100,0),(631,'0244D13434P01','2023/09/25','2ETC05_01',100,0),(632,'0244D13562P01','2023/09/25','2ETC05',100,0),(633,'0244D31638P01','2023/09/25','接觸彈片_2ETC10_01',100,0),(634,'02480040001','2023/09/25','2ETC15',100,0),(635,'02480040004','2023/09/25','2ETC10',100,0),(636,'02480040005','2023/09/25','2ETC10',100,0),(637,'02480040006','2023/09/25','2ETC10',100,0),(638,'02480040007','2023/09/25','2ETC10',100,0),(639,'02480050001','2023/09/25','2BWI04',100,0),(640,'02480050002','2023/09/25','2ETC21_02',100,0),(641,'02480080001','2023/09/25','2DMP06',100,0),(642,'02480080003','2023/09/25','2DMP03',100,0),(643,'02480080004','2023/09/25','2DMP04',100,0),(644,'02480080005','2023/09/25','2DMP01',100,0),(645,'02480080006','2023/09/25','2DMP02',100,0),(646,'02480090001','2023/09/25','2ETC14_組件',100,0),(647,'02480090002','2023/09/25','2ETC14_組件',100,0),(648,'02480090003','2023/09/25','2ETC14_組件',100,0),(649,'02480090004','2023/09/25','2ETC14_組件',100,0),(650,'02480090005','2023/09/25','2ETC14_組件',100,0),(651,'02480090006','2023/09/25','2ETC14_組件',100,0),(652,'02480090007','2023/09/25','2ETC14_組件',100,0),(653,'0248D13195G01','2023/09/25','2ETC15',100,0),(654,'0248D15242G01','2023/09/25','2ETC02',20000,0),(655,'0248D15242G02','2023/09/25','2ETC02',1,0),(656,'0248D15242G03','2023/09/25','2ETC02',5000,0),(657,'0248D15242G04','2023/09/25','2ETC02',12,0),(658,'0248D15506G01','2023/09/25','2ETC02',456,0),(659,'0248D15506G02','2023/09/25','2ETC02',7899,0),(660,'0248D15642G02','2023/09/25','2ETC02',3333,0),(661,'0248D15242G01','2023/10/21','2ETC02',500,20000),(662,'0248D15242G02','2023/10/21','2ETC02',600,1),(663,'0248D15242G03','2023/10/21','2ETC02',700,5000),(664,'0248D15242G04','2023/10/21','2ETC02',800,12),(665,'0248D15506G01','2023/10/21','2ETC02',900,456),(666,'0248D15506G02','2023/10/21','2ETC02',1000,7899),(667,'0248D15642G02','2023/10/21','2ETC02',1100,3333);
/*!40000 ALTER TABLE `intaiweb_shiptable` ENABLE KEYS */;
UNLOCK TABLES;

--
-- Table structure for table `intaiweb_systemset`
--

DROP TABLE IF EXISTS `intaiweb_systemset`;
/*!40101 SET @saved_cs_client     = @@character_set_client */;
/*!50503 SET character_set_client = utf8mb4 */;
CREATE TABLE `intaiweb_systemset` (
  `DataName` varchar(255) NOT NULL,
  `IntData` int DEFAULT NULL,
  `DblData` double DEFAULT NULL,
  `StrData` text,
  PRIMARY KEY (`DataName`)
) ENGINE=InnoDB DEFAULT CHARSET=utf8mb4 COLLATE=utf8mb4_0900_ai_ci;
/*!40101 SET character_set_client = @saved_cs_client */;

--
-- Dumping data for table `intaiweb_systemset`
--

LOCK TABLES `intaiweb_systemset` WRITE;
/*!40000 ALTER TABLE `intaiweb_systemset` DISABLE KEYS */;
INSERT INTO `intaiweb_systemset` VALUES ('AutoUpdate',0,1,''),('BearerToken',0,0,'69cfa069bba26b8bcfd0913501b172f8'),('ERPWIP_Link',0,0,'http://erpprdap01.intai-corp.com:8000/sap/bc/srt/rfc/sap/zmm036f1/888/zmm036f1/zmm036f1'),('ERPWIP_Login',0,0,'A110110'),('ERPWIP_Pwd',0,0,'sap1234'),('NextUdDateTime',0,0,'2023/08/30 09:56:13'),('password',0,0,'1234'),('SFCHistory_Link',0,0,'https://win2016-testvm.intai-corp.com:5004/api/me/getsfchis?site=1002'),('SFCStatus_Link',0,0,'https://win2016-testvm.intai-corp.com:5004/api/me/getsfcwip?site=1002'),('UpdateDateTime',0,0,'2023/08/30 08:56:16');
/*!40000 ALTER TABLE `intaiweb_systemset` ENABLE KEYS */;
UNLOCK TABLES;

--
-- Table structure for table `intaiweb_titles`
--

DROP TABLE IF EXISTS `intaiweb_titles`;
/*!40101 SET @saved_cs_client     = @@character_set_client */;
/*!50503 SET character_set_client = utf8mb4 */;
CREATE TABLE `intaiweb_titles` (
  `id` int NOT NULL AUTO_INCREMENT,
  `TypeID` varchar(32) NOT NULL,
  `Members` varchar(32) NOT NULL,
  `ProductID` varchar(32) NOT NULL,
  PRIMARY KEY (`id`)
) ENGINE=InnoDB AUTO_INCREMENT=121 DEFAULT CHARSET=utf8mb4 COLLATE=utf8mb4_0900_ai_ci;
/*!40101 SET character_set_client = @saved_cs_client */;

--
-- Dumping data for table `intaiweb_titles`
--

LOCK TABLES `intaiweb_titles` WRITE;
/*!40000 ALTER TABLE `intaiweb_titles` DISABLE KEYS */;
INSERT INTO `intaiweb_titles` VALUES (2,'2ETC02','0248D15242G01','0248D15242G01'),(3,'2ETC02','0248D15242G02','0248D15242G01'),(4,'2ETC02','0248D15242G03','0248D15242G01'),(5,'2ETC02','0248D15242G04','0248D15242G01'),(6,'2ETC02','0248D15506G01','0248D15242G01'),(7,'2ETC02','0248D15506G02','0248D15242G01'),(8,'2ETC02','0248D15642G02','0248D15242G01'),(9,'2ETC02','0242D14089P01','0242D14215P01'),(10,'2ETC02','0242D14089P02','0242D14215P01'),(11,'2ETC02','0242D14215P01','0242D14215P01'),(12,'2ETC02','0242D14215P02','0242D14215P01'),(13,'2ETC02','0242D14215P03','0242D14215P01'),(14,'2ETC02','0242D14215P04','0242D14215P01'),(15,'2ETC02','0244D02138P03','0244D02837P02'),(16,'2ETC02','0244D02327P02','0244D02837P02'),(17,'2ETC02','0244D02837P02','0244D02837P02'),(18,'2ETC05','0244D13313P01','0244D13313P01'),(19,'2ETC05','0244D13430P03','0244D13313P01'),(20,'2ETC05','0244D13562P01','0244D13313P01'),(21,'2ETC05','0264D13313P02-1','0264D13313P02-1'),(22,'2ETC05','0264D13430P01-1','0264D13313P02-1'),(23,'2ETC05','0264D13562P01-1','0264D13313P02-1'),(24,'2ETC14_組件','02480090001','02480090001'),(25,'2ETC14_組件','02480090002','02480090001'),(26,'2ETC14_組件','02480090003','02480090001'),(27,'2ETC14_組件','02480090004','02480090001'),(28,'2ETC14_組件','02480090005','02480090001'),(29,'2ETC14_組件','02480090006','02480090001'),(30,'2ETC14_組件','02480090007','02480090001'),(31,'2ETC14_組件','02640110001','02640110001'),(32,'2ETC14_組件','02640110002','02640110001'),(33,'2ETC14_組件','02640110003','02640110001'),(34,'2ETC14_組件','02640240001','02640240001'),(35,'2ETC14_組件','02640240002','02640240001'),(36,'2ETC14_組件','02640240003','02640240001'),(37,'2ETC14_組件','02640240004','02640240001'),(38,'2ETC14_組件','02640240005','02640240001'),(39,'2ETC14_組件','02640240006','02640240001'),(40,'2ETC14_組件','02640240007','02640240001'),(41,'2ETC14_外管','02440080001','02440080001'),(42,'2ETC14_外管','02440080002','02440080001'),(43,'2ETC14_外管','02440080003','02440080001'),(44,'2ETC14_外管','02440080004','02440080001'),(45,'2ETC14_外管','02440080005','02440080001'),(46,'2ETC14_外管','02540080005','02540080005'),(47,'2ETC14_外管','02540080006','02540080005'),(48,'2ETC14_外管','02540080007','02540080005'),(49,'2ETC14_外管','02540080008','02540080005'),(50,'2ETC14_外管','02540080009','02540080005'),(51,'2ETC07','02440080006','02440080006'),(52,'2ETC07','02440080007','02440080006'),(53,'2ETC07','02440080008','02440080006'),(54,'2DMP01','02480080005','02480080005'),(55,'2DMP01','02340080003','02340080003'),(56,'2DMP05','0248CA-000283-004','0248CA-000283-004'),(57,'2DMP05','0254CAP19','0254CAP19'),(58,'2DMP05','0264CAP18','0264CAP18'),(59,'2DMP05','0264CAP20','0264CAP20'),(60,'2DMP05','0264CAP22','0264CAP22'),(61,'2DMP02','02480080006','02480080006'),(62,'2DMP02','02340080004','02340080004'),(63,'2DMP03','02480080003','02480080003'),(64,'2DMP03','02340080002','02340080002'),(65,'2DMP04','02480080004','02480080004'),(66,'2DMP04','02340080001','02340080001'),(67,'2DMP06','02480080001','02480080001'),(68,'2DMP06','02550080002','02550080002'),(69,'2DMP06','0268CAM07','0268CAM07'),(70,'2DMP06','0268CAM07-A','0268CAM07-A'),(71,'2ETC15','02480040001','02480040001'),(72,'2ETC15','0248D13195G01','02480040001'),(73,'2ETC15','0244D12417P01','0244D12417P01'),(74,'2ETC15','02450060001','02450060001'),(75,'2ETC15','0245D12426P01','0245D12426P01'),(76,'2ETC21_02','02480050002','02480050002'),(77,'2ETC21_02','02640050005','02640050005'),(78,'2ETC21_02','02640050006','02640050006'),(79,'2ETC21_02','02640050007','02640050007'),(80,'2ETC21_02','02640050008','02640050008'),(81,'2BWI04','02480050001','02480050001'),(82,'2BWI04','02540050002','02540050002'),(83,'2BWI04','02640050002','02640050002'),(84,'2BWI04','02640050003','02640050003'),(85,'2ETC21_01','02440080010','02440080010'),(86,'2ETC05_01','0244D13317P01','0244D13317P01'),(87,'2ETC05_01','0244D13434P01','0244D13317P01'),(88,'2ETC05_01','0254D13317P01','0254D13317P01'),(89,'2ETC05_01','0254D13434P01','0254D13317P01'),(90,'2ETC07_01','0242D18493P01','0242D18493P01'),(91,'2ETC07_01','0252D18493P01','0252D18493P01'),(92,'2ETC21','02440080011','02440080011'),(93,'2ETC21','02440080012','02440080011'),(94,'2ETC21','02440080013','02440080011'),(95,'2ETC21_04','02440050002','02440050002'),(96,'2ETC21_04','02540050008','02540050008'),(97,'2ETC21_03','02440050001','02440050001'),(98,'2ETC21_03','02540050007','02540050007'),(99,'接觸彈片_2ETC10_01','0243D31294P01','0243D31294P01'),(100,'接觸彈片_2ETC10_01','0243D33581P01','0243D31294P01'),(101,'接觸彈片_2ETC10_01','0244D31638P01','0243D31294P01'),(102,'接觸彈片_2ETC10_01','0253D31294P01','0253D31294P01'),(103,'接觸彈片_2ETC10_01','0253D33581P01','0253D31294P01'),(104,'接觸彈片_2ETC10_01','0254D31638P01','0253D31294P01'),(105,'2ETC10','02480040004','02480040004'),(106,'2ETC10','02480040005','02480040004'),(107,'2ETC10','02480040006','02480040004'),(108,'2ETC10','02480040007','02480040004'),(109,'2ETC10','0255D31989P03','0255D31989P03'),(110,'2ETC10','02580850006','02580850006'),(111,'2ETC10','02580850008','02580850006'),(112,'2ETC10','02580850011','02580850006'),(113,'2ETC10','02580850014','02580850014'),(114,'2ETC10','02650040001','02650040001'),(115,'2ETC10','02650040002','02650040002'),(116,'2ETC10','0268D33513G02','0268D33513G02'),(117,'2ETC10','0268D33876G01','0268D33876G01'),(118,'2ETC10','0268D33877G01','0268D33876G01'),(119,'2ETC10','0268D33876G02','0268D33876G02'),(120,'2ETC10','0268D33877G02','0268D33876G02');
/*!40000 ALTER TABLE `intaiweb_titles` ENABLE KEYS */;
UNLOCK TABLES;

--
-- Table structure for table `intaiweb_types`
--

DROP TABLE IF EXISTS `intaiweb_types`;
/*!40101 SET @saved_cs_client     = @@character_set_client */;
/*!50503 SET character_set_client = utf8mb4 */;
CREATE TABLE `intaiweb_types` (
  `TypeID` varchar(32) NOT NULL,
  `TypeName` varchar(64) NOT NULL,
  PRIMARY KEY (`TypeID`)
) ENGINE=InnoDB DEFAULT CHARSET=utf8mb4 COLLATE=utf8mb4_0900_ai_ci;
/*!40101 SET character_set_client = @saved_cs_client */;

--
-- Dumping data for table `intaiweb_types`
--

LOCK TABLES `intaiweb_types` WRITE;
/*!40000 ALTER TABLE `intaiweb_types` DISABLE KEYS */;
INSERT INTO `intaiweb_types` VALUES ('2BWI04','滑輪導線'),('2DMP01','8GA齒輪刀'),('2DMP02','11GA齒輪刀'),('2DMP03','10GA圓管刀'),('2DMP04','13GA圓管刀'),('2DMP05','10GA孔雀刀'),('2DMP06','13GA孔雀刀'),('2ETC02','XCEL'),('2ETC05','MCA Jaw'),('2ETC05_01','鉚釘'),('2ETC07','APEX'),('2ETC07_01','鋁戒'),('2ETC10','ART'),('2ETC14_外管','Floyd'),('2ETC14_組件','Floyd'),('2ETC15','CCS40'),('2ETC21','邁凱倫'),('2ETC21_01','萬向接頭'),('2ETC21_02','DAR組件'),('2ETC21_03','邁凱倫-PCB螺絲'),('2ETC21_04','邁凱倫-M3螺絲'),('接觸彈片_2ETC10_01','ART');
/*!40000 ALTER TABLE `intaiweb_types` ENABLE KEYS */;
UNLOCK TABLES;

--
-- Table structure for table `intaiweb_userinfo`
--

DROP TABLE IF EXISTS `intaiweb_userinfo`;
/*!40101 SET @saved_cs_client     = @@character_set_client */;
/*!50503 SET character_set_client = utf8mb4 */;
CREATE TABLE `intaiweb_userinfo` (
  `id` bigint NOT NULL AUTO_INCREMENT,
  `name` varchar(32) NOT NULL,
  `password` varchar(64) NOT NULL,
  PRIMARY KEY (`id`)
) ENGINE=InnoDB DEFAULT CHARSET=utf8mb4 COLLATE=utf8mb4_0900_ai_ci;
/*!40101 SET character_set_client = @saved_cs_client */;

--
-- Dumping data for table `intaiweb_userinfo`
--

LOCK TABLES `intaiweb_userinfo` WRITE;
/*!40000 ALTER TABLE `intaiweb_userinfo` DISABLE KEYS */;
/*!40000 ALTER TABLE `intaiweb_userinfo` ENABLE KEYS */;
UNLOCK TABLES;
/*!40103 SET TIME_ZONE=@OLD_TIME_ZONE */;

/*!40101 SET SQL_MODE=@OLD_SQL_MODE */;
/*!40014 SET FOREIGN_KEY_CHECKS=@OLD_FOREIGN_KEY_CHECKS */;
/*!40014 SET UNIQUE_CHECKS=@OLD_UNIQUE_CHECKS */;
/*!40101 SET CHARACTER_SET_CLIENT=@OLD_CHARACTER_SET_CLIENT */;
/*!40101 SET CHARACTER_SET_RESULTS=@OLD_CHARACTER_SET_RESULTS */;
/*!40101 SET COLLATION_CONNECTION=@OLD_COLLATION_CONNECTION */;
/*!40111 SET SQL_NOTES=@OLD_SQL_NOTES */;

-- Dump completed on 2023-08-30 14:38:28
